fecha,producto
2023-12-09,LICOR COINTREAU 70C
2023-12-09,LICOR RIVES GRANADI
2023-12-09,PEPSI MAX S/CAF 9U
2023-12-09,TEQUILA JARANA
2023-12-09,CEREALES SPECIAL K
2023-12-09,GALLETA CHOCO FLAKE
2023-12-09,MOSTAZA BARRILITO
2023-12-09,PICADA MIXTA DOBLE
2025-12-23,BOLSA PLASTICO
2025-12-23,SPRAY ROPA LIMPIA
2025-12-23,REC AUTO PURE COTTON
2025-12-23,ROLLO HOGAR DOBLE
2025-12-23,PANECILLO SEMILLAS
2025-09-30,PAPEL HIGIÉNICO 4 CA
2025-09-30,PAN 51% INTEGRAL 5UN
2025-09-30,MINI 6
2025-09-30,PIPA GIGANTE SAL
2025-09-30,GARBANZOS
2025-09-30,CALDO POLLO
2025-09-30,MAXI HAMBURGUESA
2025-09-30,Q RALLADO EMMENTAL
2025-09-30,MEZCLA 4 QUESOS
2025-09-30,ARROZ FALLERA
2025-09-30,NATA MONTAR
2025-09-30,NATA PARA COCINAR
2025-09-30,PICATOSTE FRITO
2025-09-30,CREMA CALABAZA
2025-09-30,20 B.GRANDES C FACIL
2025-09-30,CREMA VERDURAS
2025-09-30,CREMA CALABACÍN
2025-10-18,MINI 6
2025-10-18,20 B.GRANDES C FACIL
2025-10-18,ALMEJA PACIFIC
2025-10-18,ALISTADO MED
2025-10-18,ATÚN
2025-10-18,GAMBA PELADA CRUDA
2025-11-13,PATATA 3 KG
2025-11-13,SAL YODADA
2025-11-13,MORCILLA CEBOLLA FRE
2025-11-13,POLLO CRISPY
2025-11-13,PUERRO CORTADO
2025-10-18,CALAMAR PEQUEÑO
2025-10-18,SNACK PIPAS
2025-10-18,SNACK CHOCOLATE
2025-10-18,PATATAS EXTRACRUNCH
2025-10-18,JAMÓN S. S/ADITIVOS
2025-10-18,LOMO EMBUCHADO
2025-10-18,PECHUGA PAVO 92%
2025-10-18,MAXI HAMBURGUESA
2025-10-18,CRACKERS
2025-10-18,C. COCIDO 100% NAT
2025-10-18,FOCACCIA
2025-10-18,TOMATE TROCEADO
2025-10-18,FUMET DE PESCADO
2025-10-18,6 HUEVOS COCIDOS
2025-10-18,CREMA CALABACÍN
2025-10-18,CREMA VERDURAS
2025-10-18,QUESO BURGOS NATURAL
2025-10-18,ARROZ FALLERA
2025-10-18,LENTEJA PARDINA
2025-10-18,Q CREMOSO
2025-10-18,Q. LONCHAS LIGHT
2025-10-18,Q SEMI MEZCLA
2025-10-18,BURGER VACUNO GRUESA
2025-10-18,PIMENTON DULCE D.O
2025-10-18,SAZONADOR PAELLA
2025-10-18,AZAFRAN MOLIDO
2025-11-06,POLLO CURRY C/ARROZ
2025-11-11,COPOS ESPECIAL K
2025-11-11,GARBANZO M.COCIDO
2025-11-11,CARRILLADA CONGELADA
2025-11-11,PICATOSTE FRITO
2025-11-11,LENTEJA COCIDA
2025-11-11,CHOCO GOTAS FUNDIR
2025-11-11,AZUCAR MORENO PANELA
2025-11-11,CEPILLO PACK-3 MEDIO
2025-11-11,TOMATE TROCEADO
2025-11-11,IMPULSOR ROYAL 80GR
2025-11-11,MINI TAQUITOS JAMON
2025-11-11,COCIDO
2025-11-11,BROTES TIERNOS
2025-11-11,CHOCOLATE PURO
2025-11-11,PIZZA FORMAGGI
2025-11-11,LOMO EMBUCHADO
2025-11-11,PECHUGA PAVO 92%
2025-11-11,ARROZ FALLERA
2025-11-11,AZUCAR
2025-11-11,UVA ROJA S/S
2025-11-11,Q. LONCHAS LIGHT
2025-11-11,JAMÓN S. S/ADITIVOS
2025-11-11,MANTEQUILLA PAST.SIN
2025-11-11,ARREGLO PUCHERO
2025-11-11,HIERBAS PROVENZALES
2025-11-11,20 B.GRANDES C FACIL
2025-11-11,T.CHERRY PERA NEGRO
2025-11-11,BURGER AMERICANA
2025-11-11,CREMA VERDURAS
2025-11-11,COGOLLOS
2025-11-11,GAJO RÚSTICA
2025-11-11,SALSA YOGURT
2025-11-11,CREMA CALABACÍN
2025-11-11,GUACAMOLE 500 GR
2025-11-11,PELOTAS COCIDO
2025-11-11,LECHE SEMI CALCIO
2025-11-11,PLATANO
2025-11-06,MEZCLA 4 QUESOS
2025-11-06,PECHUGA PAVO 92%
2025-11-06,Q. LONCHAS LIGHT
2025-11-06,DESODORANTE ROLL-ON
2025-11-07,PRINGLES ORIGINAL
2025-11-07,BOCADILLO DE JAMÓN
2025-11-08,"C 0,0 TOSTADA P-6"
2025-11-08,CERVEZA EXTRA
2025-11-08,MEJILLÓN SELEC
2025-11-08,LONGANIZA MAGRO FRES
2025-11-08,COSTILLA CARNOSA
2025-11-08,BURGER M VACUN 1000G
2025-11-08,SOLOMILLO MARIN CONG
2025-11-08,PECHUGA FAMILIAR
2025-11-08,ARROZ COCIDO
2025-11-08,QUINOA BLANCA/ROJA
2025-11-08,HABAS BABY
2025-11-08,GARBANZOS
2025-11-08,ALCACHOFA CORTADA
2025-11-08,AJOS TIERNOS
2025-11-08,ESPARRAGO VERDE TROC
2025-11-08,PATATAS EXTRACRUNCH
2025-11-08,NACHOS
2025-11-08,FOCACCIA
2025-11-08,PIZZA FORMAGGI
2025-11-08,FUET ESPETEC EXTRA
2025-11-08,SETA BANDEJA
2025-11-08,Q CREMOSO
2025-11-08,TOMATE TRITURADO
2025-10-16,CAPSULA CAFE C/LECHE
2025-10-16,COTTONLIKE SÚPER C/A
2025-10-16,AGUA DESTILADA
2025-10-16,BROTES TIERNOS
2025-10-16,RELLENO FAJITAS
2025-10-16,HELICES LENTEJA ROJA
2025-10-16,MINI 6
2025-10-16,PRESERVATIVO NATURAL
2025-10-18,FUET ESPETEC EXTRA
2025-10-18,MINI CHORIZO IBERICO
2025-10-18,PIZZA FORMAGGI
2025-10-18,MAYONESA HELLMANN¿S
2025-10-18,T.CHERRY PERA NEGRO
2025-10-18,KAKI
2025-10-18,PERA ERCOLINA
2025-10-18,PIMIENTO ROJO
2025-10-18,PLATANO
2025-10-18,MANZ. ROJA DULCE
2025-11-25,LECHE SEMI CALCIO
2025-11-25,ACEITE DE GIRASOL
2025-11-25,TORTILLAS MEXICANAS
2025-11-25,PILA ALCALINA LR6
2025-11-25,PILA ALCALINA LR03
2025-11-25,BARQUILLO AVELLANA
2025-11-25,GALL DIGESTIVE
2025-11-25,SOPA HORTELANA
2025-11-25,PAPEL VEGETAL 30H
2025-11-25,JAMÓN S. S/ADITIVOS
2025-11-25,LOMO EMBUCHADO
2025-11-25,PECHUGA PAVO 92%
2025-11-25,BURGER VACUNO GRUESA
2025-11-25,CERDO TACOS
2025-11-25,DELICIAS DE POLLO
2025-11-25,MANTEQUILLA PAST.SIN
2025-11-25,PICATOSTE FRITO
2025-11-25,MARGARINA
2025-11-25,MAXI HAMBURGUESA
2025-11-25,CREMA CALABACÍN
2025-11-25,12 HUEVOS CAMPEROS
2025-11-25,FOCACCIA
2025-11-25,MINI 6
2025-11-25,BROTES TIERNOS
2025-11-25,PIZZA FORMAGGI
2025-11-25,T.CHERRY PERA NEGRO
2025-11-25,T POLLO NATURAL
2025-11-25,GUACAMOLE 500 GR
2025-11-25,HARINA DE FUERZA
2025-11-25,COGOLLOS
2025-11-25,PACK 8 ISOT LIMON
2025-11-25,CERVEZA EXTRA
2025-11-25,MANDARINA HOJA
2025-11-25,LEJIA CON DETERGENTE
2025-11-25,ZANAHORIA BOLSA
2025-11-25,MAYONESA HELLMANN¿S
2025-11-25,AJO SECO 250 G
2025-11-25,PERA ERCOLINA
2025-11-25,MANZ. ROJA DULCE
2025-11-25,SALSA YOGURT
2025-12-23,PAN 51% INTEGRAL 5UN
2025-12-23,HIERBABUENA 40 GR
2025-12-23,FRAMBUESA
2025-12-23,ARANDANO 225 GR
2025-12-23,ROCHER-16
2025-12-23,MORCILLA CEBOLLA FRE
2025-12-23,PAN MAIZ Y PIPAS
2025-12-23,PAN TOSTADO PASAS
2024-05-11,"C 0,0 TOSTADA P-6"
2025-11-20,COLA ZERO ZERO P-12
2025-11-20,CEBOLLA TUBO
2025-11-20,CHAMPIÑON PORTOBELLO
2025-11-20,MAXI HAMBURGUESA
2025-11-20,LIMON MALLA
2025-11-20,TORTILLAS MEXICANAS
2025-11-20,ZANAHORIA BOLSA
2025-11-20,MACARRON
2025-11-20,COCKTAIL GALL SALADA
2025-11-20,6 HUEVOS COCIDOS
2025-11-20,FOCACCIA
2025-11-20,CHOCO GOTAS FUNDIR
2025-11-20,PIZZA PROSCIUTTO
2025-11-20,ARROZ FALLERA
2025-11-20,TOM. RECETA ARTESANA
2025-11-20,TOM.RECETA ARTESANA
2025-11-08,C. COCIDO 100% NAT
2025-11-08,QUESO BLANCO NATURAL
2025-11-08,REBUENAS
2025-11-08,6 HUEVOS COCIDOS
2025-11-08,KAKI
2025-11-08,COL LOMBARDA
2025-11-08,PIMIENTO ROJO
2025-10-24,HARINA DE TRIGO.
2025-10-24,HARINA REPOSTERIA
2025-10-24,TEMPURA VERDURAS
2025-10-24,LANGOSTINO REBOZADO
2025-10-24,PIMIENTO SEMIPICANTE
2025-10-24,BURGER M VACUN 1000G
2025-10-24,BROTES TIERNOS
2025-10-24,LOTE 3 BAYETAS PEQ.
2025-10-24,12 HUEVOS CAMPEROS
2025-10-24,MERLUZA REBOZADA
2025-10-24,CEBOLLA TUBO
2025-10-24,HUMMUS CLASICO
2025-10-24,ZANAHORIA BOLSA
2025-10-24,UVA ROJA S/S
2025-10-24,LECHE SEMI CALCIO
2025-10-24,MANZ. ROJA DULCE
2025-10-24,KAKI
2025-10-23,MINI 6
2025-10-23,PENNE
2025-10-23,12 HUEVOS CAMPEROS
2025-10-23,ATUN CLARO OLIVA
2025-10-23,POLLO REBOZADO
2025-10-23,SNACK PIPAS
2025-10-23,TOM.RECETA ARTESANA
2025-10-23,SNACK CHOCOLATE
2025-11-08,AGUACATE
2025-11-08,PERA ERCOLINA
2025-11-20,TOMATE FRITO CASERO
2025-11-20,CRACKERS
2025-11-20,CEBOLLA CRUJIENTE
2025-11-20,UVA ROJA S/S
2025-11-20,COTTONLIKE SÚPER C/A
2025-11-20,LACTOVIT NUTRITIVO
2025-11-20,LEVADURA FRESCA
2025-11-20,TOMATE FRITO A.OLIVA
2025-10-21,SPRAY ROPA LIMPIA
2025-10-28,ROLLO HOGAR DOBLE
2025-10-28,PAPEL HIGIÉNICO 4 CA
2025-10-28,TOALLITAS LIMPIAGAFA
2025-10-28,PATATA 3 KG
2025-10-28,ANITINES TOM/OREGANO
2025-10-21,REC.AUT.ROPA LIMPIA
2025-10-21,COPOS ESPECIAL K
2025-10-28,ANITINES PIZZA
2025-10-28,MINI 6
2025-10-28,ANACARDO NATURAL
2025-10-28,NUEZ NATURAL
2025-10-28,ALMENDRA NATURAL
2025-10-28,BROTES TIERNOS
2025-10-28,KETCHUP
2025-10-28,TOMATE TRITURADO
2025-10-28,CREMA CALABAZA
2025-10-28,SALSA YOGURT
2025-10-28,DEO BODY SP AQUA
2025-10-28,COGOLLOS
2025-10-28,COCIDO
2025-10-28,T.CHERRY PERA NEGRO
2025-10-28,ZANAHORIA BOLSA
2025-10-28,FOCACCIA
2025-10-28,ARROZ BASMATI
2025-10-28,GUACAMOLE 500 GR
2025-10-28,QUESO BURGOS NATURAL
2025-10-28,ARROZ INTEGRAL
2025-10-28,CHOCO GOTAS FUNDIR
2025-10-28,CEPILLO PACK-3 MEDIO
2025-10-28,PAN 51% INTEGRAL 5UN
2025-10-28,REBUENAS
2025-10-28,45 BOLSAS DOGGYBAG
2025-10-28,Q CREMOSO
2025-10-28,LOMO EMBUCHADO
2025-10-28,PIZZA 4 QUESOS
2025-10-28,PELOTAS COCIDO
2025-10-28,ARREGLO PUCHERO
2025-10-28,PISTACHO TOSTADO SAL
2025-10-28,CREMA VERDURAS
2025-10-28,CREMA ESPÁRRAGOS
2025-10-28,6 HUEVOS COCIDOS
2025-10-28,MEZCLA 4 QUESOS
2025-10-28,Q SEMI MEZCLA
2025-10-28,T POLLO NATURAL
2025-10-28,Q. LONCHAS LIGHT
2025-10-28,PECHUGA PAVO 92%
2025-10-28,CUARTO CERTIFICADO
2025-10-28,LECHE SEMI CALCIO
2025-10-28,MANZ. ROJA DULCE
2025-10-28,PLATANO
2025-10-28,TOMATE ROSA
2025-10-28,KAKI
2025-10-28,PARKING
2025-11-18,MANDARINA HOJA
2025-11-18,CEBOLLA TUBO
2025-12-23,SERVILLETA NAVIDAD
2025-12-23,BOL ORO NAVIDAD
2025-10-30,SPAGHETTI CARBONARA
2025-10-30,SPAGHETTI CARBONARA
2025-10-30,TORTILLAS MEXICANAS
2025-10-30,JAMÓN SERRANO SOBRE
2025-12-23,PLATO POINSETTIA
2025-12-23,PLATO ROJO NAVIDAD
2025-12-23,BANDEJA ORO REDONDA
2025-10-16,MONSTER MANGO LOCO
2025-10-16,POLLO REBOZADO
2025-12-23,AZUCAR GLAS
2025-12-23,COCKTAIL GALL SALADA
2025-12-23,COCIDO
2025-10-04,MONSTER MANGO LOCO
2025-10-31,PATATAS EXTRACRUNCH
2025-10-31,BERBERECHOS M 45/65
2025-10-31,MEJ. CHILE ESCABECHE
2025-10-31,HELICES VEGETALES
2025-10-21,CINTAS DE BACON
2025-10-21,REBUENAS
2025-10-21,GALL DIGESTIVE
2025-10-06,SNACK CHOCOLATE
2025-10-06,SNACK PIPAS
2025-10-06,MINI 6
2025-10-06,PAN 51% INTEGRAL 5UN
2025-10-06,BARRA DE PAN 3 UDS
2025-10-06,PATATAS EXTRACRUNCH
2025-10-06,ALMENDRA NATURAL
2025-10-06,NUEZ NATURAL
2025-10-06,PIPA GIGANTE SAL
2025-10-06,PISTACHO TOSTADO SAL
2025-10-21,CRACKERS
2025-10-21,JABON TIERNOS RECUER
2025-10-21,FAIRY ULTRA
2025-11-05,PAPEL HIGIÉNICO 4 CA
2025-11-05,REBUENAS
2025-11-05,COPOS ESPECIAL K
2025-11-05,PAN 51% INTEGRAL 5UN
2025-11-05,MAXI HAMBURGUESA
2025-11-05,PIPA GIGANTE SAL
2025-11-05,MINI 6
2025-11-05,MERLUZA REBOZADA
2025-11-05,BURGER VACUNO GRUESA
2025-11-05,CREMA CACAO
2025-11-05,CREMA ESPÁRRAGOS
2025-11-05,CREMA CALABACÍN
2025-11-05,12 HUEVOS CAMPEROS
2025-11-05,LENTEJA PARDINA
2025-11-05,ARROZ FALLERA
2025-11-05,GUACAMOLE 500 GR
2025-11-05,MACARRON
2025-11-05,SIROPE DE AGAVE
2025-11-05,TOMATE FRITO CASERO
2025-11-05,T.CHERRY PERA NEGRO
2025-11-05,TORTELLONI CARNE
2025-11-05,BROTES TIERNOS
2025-11-05,GIRASOLES QUESOS
2025-11-05,ATUN CLARO OLIVA
2025-11-05,HELICES VEGETALES
2025-11-05,QUESO BURGOS NATURAL
2025-11-05,PATATA 3 KG
2025-11-05,ESCALOPIN SALMÓN
2025-11-05,ZANAHORIA 500 G
2025-11-05,COGOLLOS
2025-11-05,GAJO RÚSTICA
2025-11-05,CEBOLLA TUBO
2025-11-05,COLA ZERO ZERO P-12
2025-11-05,LECHE SEMI CALCIO
2025-11-05,PERA ERCOLINA
2025-10-21,CHOCOLATE PURO
2025-10-21,PICATOSTE FRITO
2025-10-21,MAXI HAMBURGUESA
2025-10-21,PAÑUELOS 4 CAP 10X10
2025-10-21,TEQUEÑOS DE QUESO
2025-10-21,LANGOSTINO REBOZADO
2025-10-21,RELLENO FAJITAS
2025-10-21,BOQUERON EN TEMPURA
2025-10-21,DELICIAS DE POLLO
2025-10-21,BROTES TIERNOS
2025-10-21,PATATAS EXTRACRUNCH
2025-10-21,TORTILLAS MEXICANAS
2025-10-21,CREMA CALABACÍN
2025-10-21,PECHUGA FAMILIAR
2025-10-21,BURGER VACUNO
2025-10-31,ARROZ FALLERA
2025-10-31,Q RALLADO EMMENTAL
2025-10-31,SETA BANDEJA
2025-10-31,MORCILLA CEBOLLA FRE
2025-10-31,FOCACCIA
2025-10-31,ALMENDRA NATURAL
2025-10-31,PICATOSTE FRITO
2025-10-31,MEZCLA 4 QUESOS
2025-10-31,FUET ESPETEC EXTRA
2025-10-31,ANACARDO NATURAL
2025-10-31,UVA ROJA S/S
2025-10-31,LONGANIZA MAGRO FRES
2025-10-31,JAMÓN S. S/ADITIVOS
2025-10-31,Q SEMI MEZCLA
2025-10-31,QUESO GOUDA TIERNO
2025-10-31,PEREJIL TROCEADO
2025-10-31,PISTACHO TOSTADO SAL
2025-10-31,AJOS TIERNOS
2025-10-31,Q CREMOSO
2025-10-31,PINCHO SIN VARILLA
2025-10-31,PINCHO SIN VARILLA
2025-10-31,SALSA COCKTAIL TD
2025-10-31,PIZZA FORMAGGI
2025-10-31,SALSA BARBACOA
2025-10-31,TOMATE ENSALAD
2025-10-06,ANACARDO NATURAL
2025-10-21,T.CHERRY PERA NEGRO
2025-10-21,SALSA YOGURT
2025-10-21,SALSA BRASA & SABOR
2025-10-21,G. CABRA Y CEBOLLA
2025-10-21,FOCACCIA
2025-10-21,UVA BLANCA S/SEM
2025-10-21,T POLLO NATURAL
2025-10-21,SOLOMILLO MARIN CONG
2025-10-21,NOODLE SABOR PICANTE
2025-10-21,FRANKFURT VIENA QUES
2025-10-21,CREMA ESPÁRRAGOS
2025-10-21,Q RALLADO EMMENTAL
2025-10-21,MEZCLA 4 QUESOS
2025-10-21,COLA ZERO ZERO P-12
2025-10-21,FUZE TEA LIMÓN
2025-10-21,PACK 8 ISOT NARANJA
2025-10-21,GUACAMOLE 500 GR
2025-10-21,PECHUGA PAVO 92%
2025-10-21,CHORIZO PICANTE
2025-10-21,JAMÓN S. S/ADITIVOS
2025-10-21,NARANJA
2025-10-21,CALABACIN VERDE
2025-10-21,PLATANO
2025-10-06,DELICIAS DE POLLO
2025-10-06,JUDIA REDONDA TROCEA
2025-10-06,PATATAS GAJO
2025-10-06,COPOS ESPECIAL K
2025-10-06,PIZZA BBQ M.FINA
2025-10-06,PIZZA DEEP PEPPERONI
2025-10-06,PIZZA TRUFFATA
2025-10-06,LACTOVIT NUTRITIVO
2025-10-06,MEZCLA 4 QUESOS
2025-10-06,Q RALLADO EMMENTAL
2025-10-06,GARBANZOS
2025-10-06,POLLO CRISPY
2025-10-06,ALCACHOFA CORTADA
2025-10-06,FIDEO CABELLO
2025-10-06,JUDÍA REDONDA
2025-10-06,T.CHERRY PERA NEGRO
2025-10-06,CEPILLO + ACTION
2025-10-06,BURGER VACUNO
2025-10-06,BURGER VACUNO GRUESA
2025-10-06,YATEKOMO POLLO DIV
2025-10-06,ALAS ENTERAS
2025-10-06,ALAS ENTERAS
2025-10-06,DEO BODY SP AQUA
2025-10-06,JAMÓN S. S/ADITIVOS
2025-10-06,PECHUGA PAVO 92%
2025-10-06,QUESO BURGOS NATURAL
2025-10-06,CREMA CALABACÍN
2025-10-06,KÉFIR FRESA-PLÁTANO
2025-10-06,KÉFIR NATURAL 0%
2025-10-06,SALSA YOGURT
2025-10-06,GUACAMOLE 500 GR
2025-10-06,BROTES TIERNOS
2025-10-06,YAK SOJA CUP
2025-10-06,12 HUEVOS CAMPEROS
2025-10-06,FOCACCIA
2025-10-06,FLAUTAS BACON/QUESO
2025-10-06,TORTILLA PAT C/CEB
2025-10-06,Q. LONCHAS LIGHT
2025-10-06,CALABAZA TROZOS
2025-10-06,CHAMPIÑON PORTOBELLO
2025-10-06,PIZZA FORMAGGI
2025-10-06,COGOLLOS
2025-11-27,Q RALLADO EMMENTAL
2025-11-27,MINI TAQUITOS JAMON
2025-11-27,MEZCLA 4 QUESOS
2025-11-27,GARBANZOS
2025-11-27,PECHUGA PAVO 92%
2025-11-27,Q. LONCHAS LIGHT
2025-11-27,T POLLO NATURAL
2025-11-27,FOCACCIA
2024-05-11,CINTAS FRESA
2024-05-11,ALMEJA PACIFIC
2024-05-20,LOMO EMBUCHADO 4PACK
2024-05-20,PECHUGA PAVO BIPACK
2024-05-20,T.CHERRY PERA NEGRO
2024-05-20,LOTE 3 BAYETAS PEQ.
2024-05-20,QUESO FRESCO VACA
2024-05-20,QUESO HAVARTI LIGHT
2024-05-20,NÍSPERO BANDEJA
2025-12-12,RELLENO FAJITAS
2025-12-12,PECHUGA PAVO 92%
2025-12-12,ALAS ENTERAS
2025-12-12,LONGANIZA MAGRO FRES
2025-12-12,COSTILLA CARNOSA
2025-12-12,ABRILLANTADOR LAVAV.
2025-12-12,KETCHUP
2025-12-12,MOSTAZA CLÁSICA
2025-12-12,C. COCIDO 100% NAT
2025-12-12,ARROZ FALLERA
2025-12-12,PATATAS EXTRACRUNCH
2025-12-12,PARKING
2024-05-20,PINCHO SIN VARILLA
2024-05-20,CREMA CACAO
2024-05-20,SALTEADO DE PATATA
2025-12-15,MANDARINA HOJA
2025-12-15,TORTILLAS MEXICANAS
2025-12-15,ANITINES TOM/OREGANO
2025-12-15,Q. LONCHAS LIGHT
2025-12-15,ANITINES PIZZA
2025-12-15,COGOLLOS
2025-12-15,COPOS ESPECIAL K
2025-12-15,PINCHO SIN VARILLA
2025-12-15,PINCHO SIN VARILLA
2025-12-15,PECHUGA PAVO 92%
2025-12-10,LECHE SEMI CALCIO
2025-12-10,ANITINES TOM/OREGANO
2025-12-10,ANITINES PIZZA
2025-12-10,CHULETA AGUJA
2025-12-10,MUSLO DESHUESADO
2025-10-06,AJO SECO 250 G
2025-10-06,LECHE SEMI CALCIO
2025-10-06,BERENJENA
2025-10-06,MELON PIEL SAPO
2025-12-10,MERLUZA REBOZADA
2025-12-10,PICATOSTE FRITO
2025-12-10,PIMIENTO SEMIPICANTE
2025-12-10,DIVERTIDAS
2025-12-10,POLLO CRISPY
2025-12-10,DELICIAS DE POLLO
2025-12-10,JAMÓN S. S/ADITIVOS
2025-12-10,PECHUGA PAVO 92%
2025-12-10,GALLETA CHOCO LECHE
2025-10-02,MINI 6
2025-10-02,BROTES TIERNOS
2025-10-02,CUARTO CERTIFICADO
2025-10-02,ARREGLO PUCHERO
2025-10-02,TOMATE TROCEADO
2025-10-02,6 HUEVOS COCIDOS
2025-10-02,BONITO NORTE A.OLIVA
2025-10-02,COCIDO
2025-10-02,PELOTAS COCIDO
2025-10-02,ENSALADILLA PEQUEÑA
2025-10-02,REGAÑA
2025-12-10,GALLETA CHOCO NEGRO
2025-12-10,GRIEGO NATURAL P-6
2025-12-10,PATATAS KEBAB
2025-12-10,QUESO BURGOS NATURAL
2025-12-10,Q. LONCHAS LIGHT
2025-12-10,SALADITOS
2025-12-10,TOMATE TRITURADO
2025-12-10,12 HUEVOS CAMPEROS
2025-12-10,CREMA CALABACÍN
2025-12-10,CEBOLLA TUBO
2025-12-10,PATATA FREIR M. 2KG
2025-12-10,T POLLO NATURAL
2025-11-28,ROLLO HOGAR DOBLE
2025-11-28,LANGOSTINO REBOZADO
2025-11-28,FINGERS DE QUESO
2025-11-28,TEMPURA VERDURAS
2025-11-28,BOQUERON EN TEMPURA
2025-11-28,RELLENO FAJITAS
2025-11-28,PATATAS GAJO
2025-11-28,SAN JACOBO
2025-11-28,AJOS TIERNOS
2025-11-28,ESPARRAGO VERDE TROC
2025-11-28,PIZZA TRUFFATA
2025-11-28,PIZZA BBQ M.FINA
2025-11-28,PIZZA DEEP PEPPERONI
2025-11-28,ANITINES PIZZA
2025-11-28,ANITINES TOM/OREGANO
2025-11-28,Q SEMI MEZCLA
2025-11-28,Q CREMOSO
2025-11-28,COSTILLA CARNOSA
2025-11-28,TOMATE TRITURADO
2025-11-28,CUARTO CERTIFICADO
2025-11-28,ARREGLO PUCHERO
2025-11-28,COCIDO
2025-11-28,S.FRANKFURT BOCATA Q
2025-11-28,CHORIZO OREADO
2025-11-28,LECHE SEMI CALCIO
2025-11-28,TOMATE ENSALAD
2025-09-30,Q. LONCHAS LIGHT
2025-09-30,GUACAMOLE 500 GR
2025-09-30,ALBONDIGAS 24 UNID.
2025-09-30,PIZZA FORMAGGI
2025-09-30,JAMÓN S. S/ADITIVOS
2025-09-30,CHOCO GOTAS FUNDIR
2025-09-30,12 HUEVOS CAMPEROS
2025-09-30,TORTILLAS MEXICANAS
2025-09-30,LONGANIZA MAGRO FRES
2025-09-30,FOCACCIA
2025-09-30,Q CREMOSO
2025-09-30,Q SEMI MEZCLA
2025-09-30,CINTAS DE BACON
2025-09-30,ZANAHORIA BOLSA
2025-09-30,TORTELLONI CARNE
2025-09-30,GIRASOLES QUESOS
2025-09-30,MINI CHORIZO IBERICO
2025-09-30,PECHUGA PAVO 92%
2025-09-30,T.CHERRY PERA NEGRO
2025-09-30,MELOCOTÓN BANDEJA
2025-09-30,CALABAZA TROZOS
2025-09-30,PATATA 3 KG
2025-09-30,MELON PIEL SAPO
2025-09-30,PERA ERCOLINA
2025-12-10,BURGER M VACUN 1000G
2025-12-10,GUACAMOLE 500 GR
2025-12-10,SALCHICHAS GOURMET
2025-12-10,S.FRANKFURT BOCATA Q
2025-12-10,MANZ. ROJA DULCE
2025-11-29,PATATA 3 KG
2025-11-29,PECHUGA PAVO 92%
2025-11-29,JAMÓN S. S/ADITIVOS
2025-11-29,PELOTAS COCIDO
2025-11-29,PIMIENTO ROJO
2025-12-15,LOMO EMBUCHADO
2025-12-15,BROTES TIERNOS
2025-12-15,ZANAHORIA BOLSA
2025-12-15,CALDO CARNE 16 P
2025-12-15,AJO SECO 250 G
2025-12-15,CALDO VERDURAS 12 P.
2025-12-15,PIMENTON DULCE D.O
2025-12-15,GUACAMOLE 500 GR
2025-12-15,GEL WC AQUA
2025-12-15,GEL LIMPIADOR BAÑO
2025-12-15,ALCOHOL LIMPIEZA
2025-12-15,SPRAY ROPA LIMPIA
2025-12-15,LIMP. BAÑOS PISTOLA
2025-12-15,REC AUTO PURE COTTON
2024-05-15,LECHE SEMI CALCIO
2025-12-02,GARBANZOS
2025-12-02,COPOS ESPECIAL K
2025-12-02,RELLENO FAJITAS
2025-12-02,CERDO TACOS
2025-12-02,CERDO TACOS
2025-12-02,BARQUILLO AVELLANA
2025-12-02,GALLETAS SURTIDAS BO
2025-12-02,MANDARINA HOJA
2025-12-02,CREMA CALABAZA
2025-12-02,CHOCOLATE PURO
2025-12-02,LECHE SEMI P6
2025-12-02,GARBANZO M.COCIDO
2025-12-02,LAVAVAJ. TODO EN
2025-12-02,SIROPE DE AGAVE
2025-12-02,GUACAMOLE 500 GR
2025-12-02,QUESO BURGOS NATURAL
2025-12-02,ANITINES PIZZA
2025-12-02,CINTAS DE BACON
2025-12-02,SALSA YOGURT
2025-12-02,ANITINES TOM/OREGANO
2025-12-02,TORTILLAS MEXICANAS
2025-12-02,BROTES TIERNOS
2025-12-02,PICATOSTE FRITO
2025-12-02,MEZCLA 4 QUESOS
2025-12-02,T POLLO NATURAL
2025-12-02,PIZZA PROSCIUTTO
2025-12-02,T.CHERRY PERA NEGRO
2025-12-02,COGOLLOS
2025-12-02,MANZ. ROJA DULCE
2025-12-02,PIMIENTO ROJO
2025-12-02,KAKI
2025-12-31,CEBOLLA TUBO
2025-12-31,PIZZA FORMAGGI
2025-12-31,PIZZA BBQ M.FINA
2025-12-31,PIZZA DEEP PEPPERONI
2025-12-31,PIZZA TRUFFATA
2025-12-31,MEZCLA 4 QUESOS
2025-12-31,ATUN CLARO OLIVA
2025-12-31,SPAGHETTI CARBONARA
2025-12-15,GALL DIGESTIVE
2025-12-15,PASTILLA CISTERNA
2025-12-04,LECHE SEMI CALCIO
2025-12-04,COLA ZERO ZERO P-12
2025-12-04,BARRA DE PAN 3 UDS
2025-12-04,CINTAS DE BACON
2025-12-04,BURGER VACUNO CERDO
2025-12-04,BURGER VACUNO GRUESA
2025-12-04,COPOS ESPECIAL K
2025-12-04,TORTILLAS MEXICANAS
2025-12-04,SALADITOS
2025-12-04,MINI 6
2025-12-04,MAXI HAMBURGUESA
2025-12-04,ARROZ FALLERA
2025-12-04,PAN 51% INTEGRAL 5UN
2025-12-04,DEO BODY SP AQUA
2025-12-15,T.CHERRY PERA NEGRO
2025-12-15,GALL DIGESTIVE CHOCO
2025-12-15,PAN 51% INTEGRAL 5UN
2025-12-15,GALLETA CHOCO NEGRO
2025-12-06,MANTEQUILLA PAST.SIN
2025-12-06,12 HUEVOS CAMPEROS
2025-12-06,6 HUEVOS CAMPEROS
2025-12-06,TEMPURA VERDURAS
2025-12-15,MINI 6
2025-12-15,PAPEL HIGIÉNICO 4 CA
2025-12-15,PAÑUELOS 4 CAP 10X10
2025-12-15,LECHE SEMI CALCIO
2025-12-15,MANZ. ROJA DULCE
2025-12-15,PARKING
2025-12-12,"CERVEZA AGUILA 0,0"
2025-12-12,CERVEZA 1906 6U
2025-12-12,CERVEZA 1906 RED 6U
2025-12-12,CERVEZA ESPECIAL 12U
2025-12-12,CERVEZA ESTRELLA 24U
2025-12-12,CERVEZA RADLER 12U
2025-12-12,CERVEZA TOSTADA 6U
2025-12-12,PEPSI ZERO 33CL
2025-12-12,PEPSI ZERO 33CL 9U
2025-12-12,VINO VALL XALO 75CL
2025-10-13,PAPEL HIGIÉNICO 4 CA
2025-10-13,GARBANZOS
2025-10-13,FOCACCIA
2025-10-13,LOMO EMBUCHADO
2025-10-13,PECHUGA PAVO 92%
2026-02-04,DELICIAS DE POLLO
2026-02-04,POLLO CRISPY
2026-02-04,FINGERS DE QUESO
2026-02-04,POLLO KOREANO
2026-02-04,BURGER VACUNO GRUESA
2026-02-04,MAGDALENA DE CHOCOL
2026-02-04,6 HUEVOS COCIDOS
2026-02-04,ARROZ COCIDO
2026-02-04,QUINOA BLANCA/ROJA
2026-02-04,ANITINES TOM/OREGANO
2026-02-04,MAXI HAMBURGUESA
2026-02-04,COCKTAIL MEZCLA
2026-02-04,PIPA GIGANTE SAL
2026-02-04,ANACARDO NATURAL
2026-02-04,PISTACHO TOSTADO SAL
2026-02-04,ALMENDRA NATURAL
2025-12-06,FUMET DE PESCADO
2025-12-06,FIDEUA CURVA
2025-12-06,FIDEO CABELLO
2025-12-06,DIVERTIDAS
2025-12-06,CHOCO GOTAS FUNDIR
2025-12-06,NIDOS AL HUEVO
2025-12-06,ALMEJA PACIFIC
2025-12-06,CALAMAR PEQUEÑO
2025-12-06,JAMÓN S. S/ADITIVOS
2025-12-06,PECHUGA PAVO 92%
2025-12-06,LOMO EMBUCHADO
2025-12-06,LEVADURA FRESCA
2025-12-06,SOLOMILLO MARIN CONG
2025-12-06,CREMA ESPÁRRAGOS
2025-12-06,ATÚN
2025-12-06,PECHUGA FAMILIAR
2025-12-06,TOM.RECETA ARTESANA
2025-12-06,Q SEMI MEZCLA
2025-12-06,CEBOLLA TIERNA
2025-12-06,Q CREMOSO
2025-12-06,SALSA SOJA S/GLUTEN
2025-12-06,SALSA SWEET CHILI
2025-12-06,CHAMPIÑON PORTOBELLO
2025-12-06,CREMA CALABACÍN
2025-12-06,SOPA HORTELANA
2025-12-06,FOCACCIA
2025-12-06,PIZZA PROSCIUTTO
2025-12-06,BOLSAS ZIP 5L
2025-12-06,QUESO BURGOS NATURAL
2025-12-06,NATA PARA COCINAR
2025-12-06,T.CHERRY PERA NEGRO
2025-12-06,NARANJA MALLA 3 KG
2025-12-06,LIMON
2026-02-04,MAIZ FRITO CRUJIENTE
2026-02-04,PECHUGA PAVO 92%
2024-05-15,RELLENO KEBAB POLLO
2024-05-15,WAFFLE FRIES
2024-05-15,PINCHO SIN VARILLA
2024-05-15,ALAS ENTERAS
2024-05-15,PATATAS GAJO
2024-05-15,ACEITUNA R/JALAPEÑO
2024-05-15,MANTEQUILLA PAST.SIN
2024-05-15,TOM.RECETA ARTESANA
2024-05-15,SPRAY ROPA LIMPIA
2024-05-15,LAVAVAJ. TODO EN
2024-05-15,ABRILLANTADOR LAVAV.
2024-05-15,LIMPIA MAQUINAS LIQU
2024-05-15,SALSA BARBACOA
2024-05-15,5 BOCADILLOS
2024-05-15,BARRA DE PAN 3 UDS
2025-12-12,HUMMUS DIPIN 240G
2026-01-02,PELOTAS COCIDO
2026-01-02,SALADITOS
2026-01-02,CREMA ESPÁRRAGOS
2026-01-02,CREMA CALABACÍN
2026-01-02,FOCACCIA
2026-01-02,COGOLLOS
2026-01-02,BROTES TIERNOS
2026-01-02,DELICIAS DE POLLO
2026-01-02,12 HUEVOS CAMPEROS
2025-12-18,LECHE SEMI CALCIO
2025-12-18,DIVERTIDAS
2025-12-18,LASAÑA BOLOÑESA
2025-12-18,MEZCLA 4 QUESOS
2025-12-18,GAJO RÚSTICA
2025-12-18,POLLO CURRY C/ARROZ
2025-12-18,GUACAMOLE 500 GR
2025-12-18,Q. LONCHAS LIGHT
2025-12-18,ENSALADILLA RUSA
2026-01-02,CHORIZO OREADO
2026-01-02,Q. LONCHAS LIGHT
2026-01-02,PECHUGA PAVO 92%
2026-01-02,SALSA YOGURT
2026-01-02,6 HUEVOS COCIDOS
2026-01-02,T.CHERRY PERA NEGRO
2026-01-02,DEO ROLL-ON ALOE
2026-01-02,LONGANIZA MAGRO FRES
2026-01-02,ARREGLO PUCHERO
2026-01-02,COCIDO
2026-01-02,PATATA 3 KG
2026-01-08,LANGOSTINO REBOZADO
2026-01-08,BOQUERON EN TEMPURA
2026-01-08,TEMPURA VERDURAS
2026-01-08,DELICIAS DE POLLO
2026-01-08,PINCHO SIN VARILLA
2026-01-08,PINCHO SIN VARILLA
2026-01-08,CREMA ESPÁRRAGOS
2026-01-08,CRACKERS
2026-01-08,DIVERTIDAS
2026-01-08,SNACK CHOCOLATE
2026-01-08,SNACK PIPAS
2026-01-08,TORTILLAS MEXICANAS
2026-01-08,PICATOSTE FRITO
2026-01-08,ZANAHORIA 500 G
2026-01-08,PECHUGA PAVO 92%
2026-01-08,Q RALLADO EMMENTAL
2026-01-08,MEZCLA 4 QUESOS
2026-01-08,HUMMUS CLASICO
2026-01-08,FLAUTAS BACON/QUESO
2024-05-15,SPAGHETTI
2024-05-15,CAPSULA CAFÉ C/LECHE
2024-05-15,WRAPIDOS TEXAS
2024-05-15,SAZONADOR BARBACOA
2024-05-15,S. HIERBAS PROVENZAL
2024-05-15,GIRASOLES QUESOS
2024-05-15,CALAMAR PEQUEÑO
2024-05-15,MERLUZA REBOZADA
2025-12-18,LECHE SEMI CALCIO
2025-12-18,DIVERTIDAS
2025-12-18,LASAÑA BOLOÑESA
2025-12-18,MEZCLA 4 QUESOS
2025-12-18,GAJO RÚSTICA
2025-12-18,POLLO CURRY C/ARROZ
2025-12-18,GUACAMOLE 500 GR
2025-12-18,Q. LONCHAS LIGHT
2025-12-18,ENSALADILLA RUSA
2024-05-15,TORTELLONI CARNE
2024-05-15,TORTILLA PAT C/CEB
2024-05-15,12 HUEVOS CAMPEROS
2024-05-15,LOMO EMBUCHADO 4PACK
2024-05-15,JAMÓN SERRANO SOBRE
2024-05-15,6 HUEVOS COCIDOS
2024-05-15,AJOS TIERNOS
2024-05-15,CEBOLLA TIERNA
2025-12-15,MANDARINA HOJA
2025-12-15,TORTILLAS MEXICANAS
2025-12-15,ANITINES TOM/OREGANO
2025-12-15,Q. LONCHAS LIGHT
2025-12-15,ANITINES PIZZA
2025-12-15,COGOLLOS
2025-12-15,COPOS ESPECIAL K
2025-12-15,PINCHO SIN VARILLA
2025-12-15,PINCHO SIN VARILLA
2025-12-15,PECHUGA PAVO 92%
2025-12-15,LOMO EMBUCHADO
2025-12-15,BROTES TIERNOS
2025-12-15,ZANAHORIA BOLSA
2025-12-15,CALDO CARNE 16 P
2025-12-15,AJO SECO 250 G
2025-12-15,CALDO VERDURAS 12 P.
2025-12-15,PIMENTON DULCE D.O
2025-12-15,GUACAMOLE 500 GR
2025-12-15,GEL WC AQUA
2025-12-15,GEL LIMPIADOR BAÑO
2025-12-15,ALCOHOL LIMPIEZA
2025-12-15,SPRAY ROPA LIMPIA
2025-12-15,LIMP. BAÑOS PISTOLA
2025-12-15,REC AUTO PURE COTTON
2025-12-15,GALL DIGESTIVE
2025-12-15,PASTILLA CISTERNA
2025-12-15,T.CHERRY PERA NEGRO
2025-12-15,GALL DIGESTIVE CHOCO
2025-12-15,PAN 51% INTEGRAL 5UN
2025-12-15,GALLETA CHOCO NEGRO
2025-12-15,MINI 6
2025-12-15,PAPEL HIGIÉNICO 4 CA
2025-12-15,PAÑUELOS 4 CAP 10X10
2025-12-15,LECHE SEMI CALCIO
2025-12-15,MANZ. ROJA DULCE
2025-12-15,PARKING
2024-05-15,BURGER VACUNO GRUESA
2024-05-15,CORAZONES COGOLLO
2024-05-15,ZANAHORIA 500 G
2024-05-15,PIZZA PROSCIUTTO
2024-05-15,HARINA DE TRIGO.
2024-05-15,ALMENDRA NATURAL
2024-05-15,T.CHERRY PERA NEGRO
2025-12-20,MEZCLA 4 QUESOS
2025-12-20,Q RALLADO EMMENTAL
2025-12-20,JAMON S. EXTRA FINO
2025-12-20,PECHUGA PAVO 92%
2025-12-20,PIÑA COCO
2025-12-20,"ENERGY DRINK 1,5L"
2025-12-20,MACARRON
2025-12-22,BOLLITOS GLASEADOS
2025-12-22,PIZZA PROSCIUTTO
2025-12-22,ALMENDRA NATURAL
2025-12-22,ANACARDO NATURAL
2025-12-22,NUEZ NATURAL
2025-12-22,CUARTO CERTIFICADO
2025-12-22,ARREGLO PUCHERO
2025-12-22,FUZE TEA LIMÓN
2025-12-22,COLA ZERO ZERO P-12
2025-12-22,LECHE SEMI CALCIO
2025-12-22,COSTILLA CARNOSA
2025-12-22,PICATOSTE FRITO
2025-12-22,PATE FRESCO F HIERBA
2025-12-22,PATE TRUFA Y ARAND
2025-12-22,PATE FRESCO PIMIENTA
2025-12-22,MANTEQUILLA PAST.SIN
2025-12-22,Q SEMI MEZCLA
2025-12-22,Q CREMOSO
2025-12-22,PATATAS EXTRACRUNCH
2025-12-22,HARINA DE FUERZA
2025-12-22,GALL DIGESTIVE CHOCO
2025-12-22,PISTACHO TOSTADO SAL
2025-12-22,CHOCO GOTAS FUNDIR
2025-12-22,GALLETA CHOCO NEGRO
2025-12-22,DIVERTIDAS
2025-12-22,GARBANZOS
2025-12-22,ARROZ FALLERA
2025-12-22,CREMA CACAO
2025-12-22,MERMELADA TOMATE
2025-12-22,PELOTAS COCIDO
2025-12-22,PELOTAS COCIDO
2025-12-22,CREMA VERDURAS
2025-12-22,CREMA CALABACÍN
2025-12-22,Q. LONCHAS LIGHT
2025-12-22,MINI BISCOTTE NORMAL
2025-12-22,PAN RALLADO
2025-12-22,ROTI DE POLLO
2025-12-22,SALMÓN AHUMADO
2025-12-22,PECHUGA PAVO 92%
2025-12-22,HOJALDRE MANTEQUILLA
2025-12-22,PATATA FREIR M. 2KG
2025-12-22,CEBOLLA CHALOTA
2025-12-22,NARANJA MALLA 3 KG
2025-12-22,12 HUEVOS CAMPEROS
2025-12-22,CEBOLLA GUARNICION
2025-12-22,LIMON
2025-12-22,PIMIENTO ROJO
2025-12-22,TOMATE NEGRO
2025-12-23,CIDER MANZANA 25CL
2025-12-23,CIDER 25CL
2024-05-15,NÍSPERO BANDEJA
2024-05-15,LIMON MALLA
2024-05-15,CREMA CALABAZA
2024-05-15,PECHUGA PAVO BIPACK
2024-05-15,PARAGUAYO
2025-09-03,PAPEL HIGIÉNICO 4 CA
2025-09-03,30 TOALLITAS LIMPIAM
2025-09-03,50 TOALLITAS LIMP.BA
2025-09-03,LECHE SEMI CALCIO
2025-10-13,CREMA ESPÁRRAGOS
2025-10-13,CREMA CALABACÍN
2025-10-13,LASAÑA PRECOCIDA
2025-10-13,CREMA VERDURAS
2025-10-13,BROTES TIERNOS
2025-10-13,PICATOSTE FRITO
2025-10-13,LAVAVAJ. TODO EN
2025-10-13,QUINOA BLANCA/ROJA
2025-10-13,ESPINACAS
2025-10-13,ZANAHORIA BOLSA
2025-10-13,SIROPE DE AGAVE
2025-10-13,CHAMPIÑON PORTOBELLO
2025-10-13,UVA BLANCA S/SEM
2025-10-13,T POLLO NATURAL
2025-10-13,PIZZA FORMAGGI
2025-10-13,GRIEGO NATURAL P-6
2025-10-13,GUACAMOLE 500 GR
2025-12-29,PAPEL HIGIÉNICO 4 CA
2025-12-29,LACTOVIT NUTRITIVO
2025-12-29,CREMA CALABAZA
2025-12-29,PANECILLO SEMILLAS
2025-12-29,PIPA GIGANTE SAL
2025-12-29,MAXI HAMBURGUESA
2025-12-29,12 HUEVOS CAMPEROS
2025-12-29,PECHUGA FAMILIAR
2025-12-29,LOMO EMBUCHADO
2025-12-29,TORTILLAS MEXICANAS
2025-12-29,FILETE SALMÓN
2025-12-29,CEBOLLA TIERNA
2025-12-29,SOLOMILLO MARIN CONG
2025-12-29,FOCACCIA
2025-12-29,BURGER VACUNO GRUESA
2025-12-29,SIROPE DE AGAVE
2025-12-29,Q SEMI MEZCLA
2025-12-29,Q CREMOSO
2025-12-29,T POLLO NATURAL
2025-12-29,CHAMPIÑON PORTOBELLO
2025-12-29,GUACAMOLE 500 GR
2025-12-29,TOMATE FRITO A.OLIVA
2025-12-29,TOM. RECETA ARTESANA
2025-12-29,TOMATE FRITO CASERO
2025-12-29,TOM.RECETA ARTESANA
2025-12-29,LECHE SEMI CALCIO
2025-12-29,MANZ. ROJA DULCE
2025-12-29,PIMIENTO ROJO
2026-01-05,HARINA DE FUERZA
2026-01-05,ARROZ FALLERA
2026-01-05,DELICIAS DE POLLO
2026-01-05,CHOCOLATE POLVO
2026-01-05,AZUCAR
2026-01-05,BARRA CAMPESINA
2026-01-05,BURGER M VA/CE 1000G
2026-01-05,ARROZ INTEGRAL
2026-01-05,QUINOA BLANCA/ROJA
2026-01-05,LOMO EMBUCHADO
2026-01-05,PECHUGA PAVO 92%
2026-01-05,LASAÑA PRECOCIDA
2026-01-05,QUESO BURGOS NATURAL
2026-01-05,ALMENDRA PALITADA
2026-01-05,LECHE SEMI CALCIO
2026-01-05,CREMA VERDURAS
2026-01-05,PIZZA FORMAGGI
2026-01-05,FUET ESPETEC EXTRA
2026-01-05,CHAMPIÑÓN BLAN
2026-01-05,BROTES TIERNOS
2026-01-05,MACARRON
2026-01-05,6 HUEVOS CAMPEROS
2026-01-05,GUACAMOLE 500 GR
2026-01-05,MANTEQUILLA PAST.SIN
2026-01-05,LEVADURA FRESCA
2026-01-05,CANELA RAMA
2026-01-05,NATA MONTAR
2026-01-05,T.CHERRY PERA NEGRO
2026-01-05,NARANJA
2026-02-05,LECHE SEMI CALCIO
2026-02-05,FILETE SALMÓN
2026-02-05,MORCILLA CEBOLLA FRE
2026-02-05,LONGANIZA MAGRO FRES
2026-02-05,Q. LONCHAS LIGHT
2026-02-05,COSTILLA CARNOSA
2026-02-05,CHORIZO OREADO
2026-02-05,JAMÓN S. S/ADITIVOS
2026-02-05,ARREGLO PUCHERO
2026-02-05,PINCHO SIN VARILLA
2026-02-05,PINCHO SIN VARILLA
2026-02-05,JABON TIERNOS RECUER
2026-02-05,6 HUEVOS COCIDOS
2026-02-05,TORTILLA PATATA
2026-02-05,TORTILLA PAT C/CEB
2026-02-05,CREMA CALABAZA
2026-02-05,COCIDO
2026-02-05,12 HUEVOS CAMPEROS
2026-02-05,CHAMPIÑON PORTOBELLO
2026-02-05,Q. VIEJO INTENSO
2026-02-05,Q SEMI MEZCLA
2026-02-05,PIMIENTO SEMIPICANTE
2026-02-05,PICATOSTE FRITO
2026-02-05,GALLETA CHOCO NEGRO
2026-02-05,PIZZA FORMAGGI
2026-02-05,PECHUGA PAVO 92%
2026-01-13,GRIEGO NATURAL P-6
2026-01-13,TOMATE TRITURADO
2026-01-13,TOMATE TROCEADO
2026-01-13,PANECILLO SEMILLAS
2026-01-13,PAN 51% INTEGRAL 5UN
2026-01-13,ZANAHORIA BOLSA
2026-01-13,POLLO CURRY C/ARROZ
2026-01-13,SALSA BRASA & SABOR
2026-01-13,PECHUGA PAVO 92%
2026-01-13,ESTROPAJO INOX
2026-01-13,HUMMUS CLASICO
2026-01-13,PAÑUELO CAJA
2026-01-13,12 HUEVOS CAMPEROS
2026-01-13,ESTROPAJO SALVAUÑAS
2026-01-13,TORTILLAS MEXICANAS
2026-01-13,DELICIAS DE POLLO
2026-01-13,Q CREMOSO
2026-01-13,Q SEMI MEZCLA
2026-01-13,FOCACCIA
2026-01-13,CINTAS DE BACON
2026-01-13,CREMA CALABAZA
2026-01-13,Q. LONCHAS LIGHT
2026-01-13,TIRAS POLLO
2026-01-13,GUACAMOLE 500 GR
2026-01-13,PICATOSTE FRITO
2026-01-13,BROTES TIERNOS
2026-01-13,T.CHERRY PERA NEGRO
2026-01-13,MANZ. ROJA DULCE
2026-02-05,GUACAMOLE 500 GR
2026-02-05,DELICIAS DE POLLO
2026-02-05,CEBOLLA TIERNA
2025-10-13,KÉFIR
2025-10-13,COGOLLOS
2025-10-13,RODAJA SALMÓN
2026-01-15,QUESO BURGOS NATURAL
2026-01-15,PECHUGA PAVO 92%
2026-01-15,FILETE PLANCHA
2026-01-15,ENTRECOT
2026-01-15,MAIZ DULCE
2026-01-15,UVA ROJA S/S
2025-10-13,FILETE DE LUBINA
2025-10-13,FILETE DE LUBINA
2025-10-13,TOM.RECETA ARTESANA
2025-10-13,BURGER M VACUN 1000G
2025-10-13,12 HUEVOS CAMPEROS
2025-10-13,MINI TAQUITOS JAMON
2025-10-13,T.CHERRY PERA NEGRO
2025-10-13,Q CREMOSO
2025-10-13,Q. LONCHAS LIGHT
2025-10-13,TOMATE FRITO CASERO
2025-10-13,LOMO ADOBADO
2024-05-17,LS POLLO REBOZADO
2024-05-17,GOLOSINAS MIX AZÚCAR
2024-05-24,PATATA 3 KG
2024-05-24,NÍSPERO BANDEJA
2024-05-24,PARAGUAYO BANDEJA
2024-05-24,BEBER FRESA-PLATANO
2024-05-24,CALABAZA TROZO
2024-05-24,LOMO EMBUCHADO 4PACK
2024-05-24,CARRILLADA
2024-05-24,CARRILLADA
2026-01-17,NACHOS TEX MEX
2026-01-17,F. PLANCHA/GUISAR
2026-01-17,NACHOS
2026-01-17,BROTES TIERNOS
2026-01-17,PECHUGA FAMILIAR
2026-01-17,BURGER M VACUN 1000G
2026-01-17,BURGER M VA/CE 1000G
2026-01-17,HELICES VEGETALES
2026-01-17,TORTILLAS MEXICANAS
2026-01-17,MEZCLA 4 QUESOS
2026-01-17,CREMA CALABACÍN
2026-01-17,CREMA ESPÁRRAGOS
2026-01-17,PIZZA FORMAGGI
2026-01-17,GALLETA CHOCO NEGRO
2026-01-17,NAPOLITANA MIXTA
2026-01-17,SALSA MEXICANA
2026-01-17,CHILI CON CARNE
2026-01-17,Q RALLADO EMMENTAL
2026-01-17,CREMA VERDURAS
2026-01-17,T.CHERRY PERA NEGRO
2026-01-17,COGOLLOS
2026-01-17,PIMIENTO ROJO
2026-01-17,PIMIENTO VERDE
2026-01-17,TOMATE NEGRO
2024-05-24,F.LECHE TROPICAL
2024-05-24,GARBANZOS
2024-05-24,PECHUGA PAVO BIPACK
2025-10-13,COSTILLA CARNOSA
2025-10-13,Q SEMI MEZCLA
2025-10-13,TOMATE FRITO A.OLIVA
2025-10-13,ATUN CLARO OLIVA
2025-10-13,MEZCLA 4 QUESOS
2025-10-13,LECHE SEMI CALCIO
2025-10-13,CALABACIN VERDE
2025-10-13,BERENJENA
2025-10-13,KAKI
2025-10-13,MANZ. ROJA DULCE
2025-10-13,PAPEL HIGIÉNICO 4 CA
2025-10-13,GARBANZOS
2025-10-13,FOCACCIA
2025-10-13,LOMO EMBUCHADO
2025-10-13,PECHUGA PAVO 92%
2025-10-13,CREMA ESPÁRRAGOS
2025-10-13,CREMA CALABACÍN
2025-10-13,LASAÑA PRECOCIDA
2025-10-13,CREMA VERDURAS
2025-10-13,BROTES TIERNOS
2025-10-13,PICATOSTE FRITO
2025-10-13,LAVAVAJ. TODO EN
2025-10-13,QUINOA BLANCA/ROJA
2025-10-13,ESPINACAS
2026-01-19,COPOS ESPECIAL K
2026-01-19,GARBANZOS
2026-01-19,TEMPURA VERDURAS
2026-01-19,GRIEGO NATURAL P-6
2026-01-19,PELOTAS COCIDO
2026-01-19,TORTELLONI CARNE
2026-01-19,GALL DIGESTIVE
2026-01-19,TORTILLAS MEXICANAS
2026-01-19,SALADITOS
2026-01-19,ARREGLO PUCHERO
2026-01-19,CUARTO CERTIFICADO
2026-01-19,MUSLO DESHUESADO
2026-01-19,MUSLO DESHUESADO
2026-01-19,PECHUGA PAVO 92%
2026-01-19,Q. LONCHAS LIGHT
2026-01-19,6 HUEVOS COCIDOS
2026-01-19,PATATA 3 KG
2026-01-19,PELOTAS COCIDO
2026-01-19,SAL YODADA
2026-01-19,T.CHERRY PERA NEGRO
2026-01-19,COCIDO
2026-01-19,MEZCLA 4 QUESOS
2026-01-19,BURGER VACUNO GRUESA
2026-01-19,SIROPE DE AGAVE
2026-01-19,CEBOLLA TUBO
2026-01-19,GARBANZO M.COCIDO
2026-01-19,PLATANO
2026-01-19,PARKING
2024-05-20,RELLENO KEBAB POLLO
2024-05-20,SALTEADO DE POLLO
2024-05-20,REBUENAS
2024-05-20,ACEITUNA R/JALAPEÑO
2024-05-20,SALSA FINA KRAFT
2024-05-20,SALSA CESAR
2024-05-20,SALSA YOGURT
2024-05-20,PAPEL ALUMINIO
2024-05-20,GAJO RÚSTICA
2024-05-20,CACAHUETE FRITO MIEL
2024-05-20,PATATA CHURRERÍA
2026-01-22,T POLLO NATURAL
2026-01-22,TORTILLAS MEXICANAS
2026-01-22,GUACAMOLE 500 GR
2026-01-22,FOCACCIA
2026-01-22,MEZCLA 4 QUESOS
2026-01-22,PECHUGA PAVO 92%
2026-01-22,ALBONDIGAS 24 UNID.
2026-01-22,QUESO BURGOS NATURAL
2026-01-22,FILETE DE LUBINA
2026-01-22,MERLUZA REBOZADA
2026-01-22,NARANJA MALLA 3 KG
2024-05-20,PISTACHO TOSTADO SAL
2024-05-20,TRADICIONAL
2024-05-20,COTTONLIKE SÚPER C/A
2025-10-13,ZANAHORIA BOLSA
2025-10-13,SIROPE DE AGAVE
2025-10-13,CHAMPIÑON PORTOBELLO
2025-10-13,UVA BLANCA S/SEM
2025-10-13,T POLLO NATURAL
2025-10-13,PIZZA FORMAGGI
2025-10-13,GRIEGO NATURAL P-6
2025-10-13,GUACAMOLE 500 GR
2025-10-13,KÉFIR
2025-10-13,COGOLLOS
2025-10-13,RODAJA SALMÓN
2025-10-13,FILETE DE LUBINA
2025-10-13,FILETE DE LUBINA
2025-10-13,TOM.RECETA ARTESANA
2025-10-13,BURGER M VACUN 1000G
2025-10-13,12 HUEVOS CAMPEROS
2025-10-13,MINI TAQUITOS JAMON
2025-10-13,T.CHERRY PERA NEGRO
2025-10-13,Q CREMOSO
2025-10-13,Q. LONCHAS LIGHT
2025-10-13,TOMATE FRITO CASERO
2025-10-13,LOMO ADOBADO
2025-10-13,COSTILLA CARNOSA
2025-10-13,Q SEMI MEZCLA
2025-10-13,TOMATE FRITO A.OLIVA
2025-10-13,ATUN CLARO OLIVA
2025-10-10,Q. UNTAR SUAVE
2025-10-10,LIMÓN NORMAL 2L
2025-10-10,PALITOS SURIMI
2025-10-10,AGUACATE BANDEJA
2026-01-24,MORCILLA CEBOLLA FRE
2026-01-24,CINTAS DE BACON
2026-01-24,RELLENO FAJITAS
2026-01-24,PATATAS GAJO
2026-01-24,ALMENDRA NATURAL
2026-01-24,PILA ALCALINA LR6
2026-01-24,PATATAS EXTRACRUNCH
2026-01-24,MEZCLA 4 QUESOS
2026-01-24,Q. LONCHAS LIGHT
2026-01-24,QUINOA BLANCA/ROJA
2026-01-24,PALOMIT. MANTEQUILLA
2026-01-24,SNACK QUESO
2026-01-24,ANITINES PIZZA
2026-01-24,ANITINES TOM/OREGANO
2026-01-24,ARROZ FALLERA
2026-01-24,ANACARDO NATURAL
2026-01-24,PICATOSTE FRITO
2026-01-24,TOMATE FRITO CASERO
2026-01-24,BROTES TIERNOS
2026-01-24,PIZZA FORMAGGI
2026-01-24,COPOS ESPECIAL K
2026-01-24,LONGANIZA MAGRO FRES
2026-01-24,COUS COUS
2026-01-24,NAPOLITANA MIXTA
2026-01-24,TOM.RECETA ARTESANA
2026-01-24,FIDEO CABELLO
2026-01-24,PATATA 3 KG
2026-01-24,COGOLLOS
2026-01-24,12 HUEVOS CAMPEROS
2026-01-24,T.CHERRY PERA NEGRO
2026-01-24,LECHE SEMI CALCIO
2026-01-24,TOMATE NEGRO
2026-01-24,PIMIENTO ROJO
2026-01-24,PERA ERCOLINA
2025-10-10,FINGERS DE QUESO
2025-10-10,GALLETITAS SALADAS
2025-10-10,SALMÓN AHUMADO
2025-10-10,SALMÓN AHUMADO
2025-10-10,Q. UNTAR SUAVE
2025-10-10,LIMÓN NORMAL 2L
2025-10-10,PALITOS SURIMI
2025-10-10,AGUACATE BANDEJA
2025-10-10,FINGERS DE QUESO
2025-10-10,GALLETITAS SALADAS
2025-10-10,SALMÓN AHUMADO
2025-10-10,SALMÓN AHUMADO
2025-10-13,MEZCLA 4 QUESOS
2025-10-13,LECHE SEMI CALCIO
2025-10-13,CALABACIN VERDE
2025-10-13,BERENJENA
2025-10-13,KAKI
2025-10-13,MANZ. ROJA DULCE
2025-10-13,QUINOA BLANCA/ROJA
2025-10-13,ESPINACAS
2025-10-13,ZANAHORIA BOLSA
2025-10-13,SIROPE DE AGAVE
2025-10-13,CHAMPIÑON PORTOBELLO
2025-10-13,UVA BLANCA S/SEM
2025-10-13,T POLLO NATURAL
2025-10-13,PIZZA FORMAGGI
2025-10-13,GRIEGO NATURAL P-6
2025-10-13,GUACAMOLE 500 GR
2025-10-13,KÉFIR
2025-10-13,COGOLLOS
2026-01-29,PAPEL HIGIÉNICO 4 CA
2026-01-29,ALAS PICANTES
2026-01-29,POLLO KOREANO
2026-01-29,CREMA CALABAZA
2026-01-29,GUACAMOLE 500 GR
2026-01-29,COPOS ESPECIAL K
2026-01-29,MARGARINA
2026-01-29,Q. LONCHAS LIGHT
2026-01-29,TOMATE FRITO BRICK
2026-01-29,PECHUGA PAVO 92%
2026-01-29,LOMO EMBUCHADO
2026-01-29,T POLLO NATURAL
2026-01-29,CALDO POLLO 24 PAS
2026-01-29,CRACKERS
2026-01-29,DELICIAS DE POLLO
2026-01-29,SAN JACOBO
2026-01-29,TEMPURA VERDURAS
2026-01-29,ACEITUNA R/JALAPEÑO
2026-01-29,NOODLE SABOR PICANTE
2026-01-29,Q RALLADO EMMENTAL
2026-01-29,PATATAS EXTRACRUNCH
2026-01-29,CEPILLO PACK-3 MEDIO
2026-01-29,SNACK PIPAS
2026-01-29,MAGDALENA DE CHOCOL
2026-01-29,NOODLE SABOR POLLO
2026-01-29,GARBANZO M.COCIDO
2026-01-29,MEZCLA 4 QUESOS
2026-01-29,GAJO RÚSTICA
2026-01-29,PAN 51% INTEGRAL 5UN
2026-01-29,PANECILLO SEMILLAS
2026-01-29,SNACK CHOCOLATE
2026-01-29,ANITINES TOM/OREGANO
2025-10-10,Q. UNTAR SUAVE
2025-10-10,LIMÓN NORMAL 2L
2025-10-10,PALITOS SURIMI
2025-10-10,AGUACATE BANDEJA
2025-10-10,FINGERS DE QUESO
2025-10-10,GALLETITAS SALADAS
2025-10-10,SALMÓN AHUMADO
2026-01-29,CAPSULA CAFE C/LECHE
2026-01-29,DIVERTIDAS
2026-01-29,PAÑUELO CAJA
2026-01-29,COPOS ESPECIAL K
2026-01-29,REC AUTO DELICE
2026-01-29,Q. VIEJO INTENSO
2026-01-29,Q SEMI MEZCLA
2025-10-10,SALMÓN AHUMADO
2025-10-10,Q. UNTAR SUAVE
2025-10-10,LIMÓN NORMAL 2L
2025-10-10,PALITOS SURIMI
2025-10-10,AGUACATE BANDEJA
2025-10-10,FINGERS DE QUESO
2025-10-10,GALLETITAS SALADAS
2025-10-10,SALMÓN AHUMADO
2025-10-10,SALMÓN AHUMADO
2025-10-13,PAPEL HIGIÉNICO 4 CA
2025-10-13,GARBANZOS
2025-10-13,FOCACCIA
2025-10-13,LOMO EMBUCHADO
2025-10-13,PECHUGA PAVO 92%
2025-10-13,CREMA ESPÁRRAGOS
2025-10-13,CREMA CALABACÍN
2025-10-13,LASAÑA PRECOCIDA
2025-10-13,CREMA VERDURAS
2026-01-31,BURGER M VACUN 1000G
2026-01-31,LOMO EMBUCHADO
2026-01-31,LAVAVAJ. TODO EN
2026-01-31,PIZZA PROSCIUTTO
2026-01-31,CREMA CALABACÍN
2026-01-31,CREMA ESPÁRRAGOS
2026-01-31,Q. LONCHAS LIGHT
2026-01-31,GALLETA CHOCO NEGRO
2026-01-31,NATA PARA COCINAR
2026-01-31,NAPOLITANA MIXTA
2026-01-31,TOMATE FRITO CASERO
2026-01-31,TOMATE TRITURADO
2026-01-31,COGOLLOS
2026-01-31,LOTE 3 BAYETAS PEQ.
2026-01-31,ARROZ FALLERA
2026-01-31,CEBOLLA TIERNA
2026-01-31,GEL WC AQUA
2026-01-31,BROTES TIERNOS
2026-01-31,SOLOMILLO MARIN CONG
2026-01-31,AJO SECO 250 G
2026-01-31,ZANAHORIA BOLSA
2026-01-31,T.CHERRY PERA NEGRO
2026-01-31,PLATANO
2026-01-31,PIMIENTO ROJO
2026-01-31,PERA ERCOLINA
2025-10-10,Q. UNTAR SUAVE
2025-10-10,LIMÓN NORMAL 2L
2025-10-10,PALITOS SURIMI
2025-10-10,AGUACATE BANDEJA
2025-10-10,FINGERS DE QUESO
2025-10-10,GALLETITAS SALADAS
2025-10-10,SALMÓN AHUMADO
2025-10-10,SALMÓN AHUMADO
2025-10-13,BROTES TIERNOS
2025-10-13,PICATOSTE FRITO
2025-10-13,LAVAVAJ. TODO EN
2025-10-13,QUINOA BLANCA/ROJA
2025-10-13,ESPINACAS
2025-10-13,ZANAHORIA BOLSA
2025-10-13,SIROPE DE AGAVE
2025-10-13,CHAMPIÑON PORTOBELLO
2025-10-13,UVA BLANCA S/SEM
2025-10-13,T POLLO NATURAL
2025-10-13,PIZZA FORMAGGI
2025-10-13,GRIEGO NATURAL P-6
2025-10-13,GUACAMOLE 500 GR
2025-10-13,KÉFIR
2025-10-13,COGOLLOS
2025-10-13,RODAJA SALMÓN
2025-10-13,FILETE DE LUBINA
2025-10-13,FILETE DE LUBINA
2025-10-13,TOM.RECETA ARTESANA
2025-10-13,BURGER M VACUN 1000G
2025-10-13,12 HUEVOS CAMPEROS
2025-10-13,MINI TAQUITOS JAMON
2025-10-13,T.CHERRY PERA NEGRO
2025-10-13,Q CREMOSO
2025-10-13,Q. LONCHAS LIGHT
2025-10-13,TOMATE FRITO CASERO
2025-10-13,LOMO ADOBADO
2025-10-13,COSTILLA CARNOSA
2025-10-13,Q SEMI MEZCLA
2025-10-13,TOMATE FRITO A.OLIVA
2025-10-13,ATUN CLARO OLIVA
2025-10-13,MEZCLA 4 QUESOS
2025-10-13,LECHE SEMI CALCIO
2025-10-13,CALABACIN VERDE
2025-10-13,BERENJENA
2025-10-13,KAKI
2025-10-13,MANZ. ROJA DULCE
2025-10-13,PAPEL HIGIÉNICO 4 CA
2025-10-13,GARBANZOS
2025-10-13,FOCACCIA
2025-10-13,LOMO EMBUCHADO
2025-10-13,PECHUGA PAVO 92%
2025-10-13,CREMA ESPÁRRAGOS
2025-10-13,CREMA CALABACÍN
2025-10-13,LASAÑA PRECOCIDA
2025-10-13,CREMA VERDURAS
2025-10-13,BROTES TIERNOS
2025-10-13,PICATOSTE FRITO
2025-10-13,LAVAVAJ. TODO EN
2025-10-13,RODAJA SALMÓN
2025-10-13,FILETE DE LUBINA
2025-10-13,FILETE DE LUBINA
2025-10-13,TOM.RECETA ARTESANA
2025-10-13,BURGER M VACUN 1000G
2025-10-13,12 HUEVOS CAMPEROS
2025-10-13,MINI TAQUITOS JAMON
2025-10-13,T.CHERRY PERA NEGRO
2025-10-13,Q CREMOSO
2025-10-13,Q. LONCHAS LIGHT
2025-10-13,TOMATE FRITO CASERO
2025-10-13,LOMO ADOBADO
2025-10-13,COSTILLA CARNOSA
2025-10-13,Q SEMI MEZCLA
2025-10-13,TOMATE FRITO A.OLIVA
2025-10-13,ATUN CLARO OLIVA
2025-10-13,MEZCLA 4 QUESOS
2025-10-13,LECHE SEMI CALCIO
2025-10-13,CALABACIN VERDE
2025-10-13,BERENJENA
2025-10-13,KAKI
2025-10-13,MANZ. ROJA DULCE
2024-05-20,SALSA COCKTAIL 460ML
2024-05-20,CEREAL RELL AVELLANA
2024-05-20,CEPILLO PACK-3 MEDIO
2024-05-20,ANACARDO NATURAL
2024-05-20,BARRA DE PAN 3 UDS
2024-05-20,PARAGUAYO
2024-05-20,PLATANO
2024-05-28,PUERROS
2024-05-28,AJO SECO 250 G
2024-05-28,ZANAHORIA BOLSA
2025-09-03,ROLLO HOGAR DOBLE
2025-09-03,MINI 6
2025-09-03,ALAS ENTERAS
2025-09-03,PINZAS DE ROPA
2025-09-03,GALLETA CHOCO NEGRO
2025-09-03,C. GALL POLL Y TERN
2025-09-03,NUEZ NATURAL
2025-09-03,JAMONCITOS DE POLLO
2025-09-03,F. PLANCHA/GUISAR
2025-09-03,F. PLANCHA/GUISAR
2025-09-03,PISTACHO TOSTADO SAL
2025-09-03,ALMENDRA NATURAL
2025-09-03,DELICIAS DE POLLO
2025-09-03,TOMATE FRITO A.OLIVA
2025-09-03,PECHUGA PAVO 92%
2025-09-03,PECHUGA DE POLLO 92%
2025-09-03,TORTILLAS MEXICANAS
2025-09-03,CEBOLLA TIERNA
2025-09-03,PIPA GIGANTE SAL
2025-09-03,SALSA YOGURT
2025-09-03,BIZCOCHO DE CACAO
2025-09-03,ANACARDO NATURAL
2025-09-03,Q. LONCHAS LIGHT
2025-09-03,ZANAHORIA BOLSA
2025-09-03,PIMIENTO SEMIPICANTE
2025-09-03,CHAMPIÑON BANDEJA P
2025-09-03,T.CHERRY PERA NEGRO
2025-09-03,CEBOLLA TUBO
2025-09-03,12 HUEVOS CAMPEROS
2025-09-03,6 HUEVOS COCIDOS
2025-09-03,6 HUEVOS CAMPEROS
2025-08-19,"NEVAL 6X1,5L"
2025-08-19,SUAVIZANTE AZUL
2025-08-19,SALSA MEXICANA
2025-08-19,PATATAS GAJO
2025-08-19,NACHOS
2025-08-19,NACHOS TEX MEX
2025-08-19,SAZONADOR FAJITA
2025-10-13,PAPEL HIGIÉNICO 4 CA
2025-10-13,GARBANZOS
2025-10-13,FOCACCIA
2025-10-13,LOMO EMBUCHADO
2025-10-13,PECHUGA PAVO 92%
2025-10-13,CREMA ESPÁRRAGOS
2025-10-13,CREMA CALABACÍN
2025-10-13,LASAÑA PRECOCIDA
2025-10-13,CREMA VERDURAS
2025-10-13,BROTES TIERNOS
2025-10-13,PICATOSTE FRITO
2025-10-13,LAVAVAJ. TODO EN
2025-10-13,QUINOA BLANCA/ROJA
2025-10-13,ESPINACAS
2025-10-13,ZANAHORIA BOLSA
2025-10-13,SIROPE DE AGAVE
2025-10-13,CHAMPIÑON PORTOBELLO
2025-10-13,UVA BLANCA S/SEM
2025-10-13,T POLLO NATURAL
2025-10-13,PIZZA FORMAGGI
2025-10-13,GRIEGO NATURAL P-6
2025-10-13,GUACAMOLE 500 GR
2025-10-13,KÉFIR
2025-10-13,COGOLLOS
2025-10-13,RODAJA SALMÓN
2025-10-13,FILETE DE LUBINA
2025-10-13,FILETE DE LUBINA
2025-10-13,TOM.RECETA ARTESANA
2025-10-13,BURGER M VACUN 1000G
2025-10-13,12 HUEVOS CAMPEROS
2025-10-13,MINI TAQUITOS JAMON
2025-10-13,T.CHERRY PERA NEGRO
2025-10-13,Q CREMOSO
2025-10-13,Q. LONCHAS LIGHT
2025-10-13,TOMATE FRITO CASERO
2025-10-13,LOMO ADOBADO
2025-10-13,COSTILLA CARNOSA
2025-10-13,Q SEMI MEZCLA
2025-10-13,TOMATE FRITO A.OLIVA
2025-10-13,ATUN CLARO OLIVA
2025-10-13,MEZCLA 4 QUESOS
2025-10-13,LECHE SEMI CALCIO
2025-10-13,CALABACIN VERDE
2025-10-13,BERENJENA
2025-10-13,KAKI
2025-10-13,MANZ. ROJA DULCE
2024-05-24,SALAMI PACK-4
2024-05-24,JAMÓN SERRANO SOBRE
2024-05-24,12 HUEVOS CAMPEROS
2024-05-24,CHORIZO PICANT 4 PAC
2024-05-24,BURGER M VA/CE 1000G
2024-05-24,ESPINACAS
2024-05-24,QUESO FRESCO VACA
2024-05-24,MORTADELA LONCHAS
2024-05-24,CINTAS DE BACON
2024-05-24,TRADICIONAL
2024-05-24,TOMATE TROCEADO
2024-05-24,TOMATE TRITURADO
2024-05-24,COTTONLIKE SÚPER C/A
2024-05-24,BARRA DE PAN 3 UDS
2026-02-07,SPRAY ROPA LIMPIA
2026-02-07,BROTES TIERNOS
2026-02-07,MAGDALENA DE CHOCOL
2026-02-07,ARROZ INTEGRAL
2026-02-07,QUINOA BLANCA/ROJA
2026-02-07,DESODORANTE ROLL-ON
2026-02-07,QUESO BURGOS NATURAL
2026-02-07,COGOLLOS
2026-02-07,PECHUGA PAVO 92%
2026-02-07,FILETE DE LUBINA
2026-02-07,NAPOLITANA MIXTA
2026-02-07,PATATA 3 KG
2026-02-07,TOMATE NEGRO
2026-02-07,PIMIENTO ROJO
2026-01-10,PIPA GIGANTE SAL
2026-01-10,RODAJA MERLUZA
2026-01-10,BARRA CAMPESINA
2026-01-10,ALISTADO MED
2026-01-10,CALAMAR PEQUEÑO
2026-01-10,ALMEJA PACIFIC
2026-01-10,COSTILLA CARNOSA
2026-01-10,ANITINES TOM/OREGANO
2026-01-10,ANITINES PIZZA
2026-01-10,CALDO CASERO PESCADO
2026-01-10,CALDO CARNE SOFRITO
2026-01-10,LENTEJA PARDINA
2026-01-10,PIZZA FORMAGGI
2026-01-10,SOLOMILLO MARIN CONG
2026-01-10,SALSA YOGURT
2026-01-10,ATUN CLARO OLIVA
2026-01-10,TOM.RECETA ARTESANA
2026-01-10,MINI CHORIZO IBERICO
2026-01-10,T.CHERRY PERA NEGRO
2026-01-10,CEBOLLA TIERNA
2026-01-10,PLATANO
2024-05-27,PAPEL HIGIENICO 4 CA
2026-01-10,ARIEL LIQUIDO TOT
2025-10-24,ARIEL LIQUIDO TOT
2025-12-02,ARIEL LIQUIDO TOT
2024-05-27,BEBER FRESA-PLATANO
2024-05-27,REBUENAS
2024-05-27,CHOCO GOTAS FUNDIR
2024-05-27,DELICIAS DE POLLO
2024-05-27,RELLENO KEBAB POLLO
2024-05-27,B.MIXTA GRUESA
2024-05-27,MANTEQUILLA PAST.SIN
2024-05-27,RELLENO FAJITAS
2024-02-02,LS POLLO REBOZADO
2024-05-27,T.CHERRY PERA NEGRO
2024-05-27,CORAZONES COGOLLO
2024-05-27,MAXI HAMBURGUESA
2024-02-02,CHOCO FUSSION BOMBÓN
2024-02-02,PETIT DE BOLSILLO FR
2024-02-02,LISTO COMER PIZZA BARBACOA
2024-05-27,CEBOLLA TUBO
2024-05-27,SALSA COCKTAIL 460ML
2024-05-27,SALSA BARBACOA
2024-05-27,AGUACATE
2025-08-30,PAPEL HIGIÉNICO 4 CA
2025-08-30,TOMATE TROCEADO
2025-08-30,TOMATE TRITURADO
2025-08-30,TOMATE FRITO CASERO
2025-08-30,ARIEL LIQUIDO TOT
2025-08-30,TOM.RECETA ARTESANA
2025-08-30,TOM. RECETA ARTESANA
2025-08-30,C. COCIDO 100% NAT
2025-08-30,ZANAHORIA BOLSA
2025-08-30,BONITO NORTE A.OLIVA
2025-08-30,MACARRON
2025-08-30,ARROZ FALLERA
2025-08-30,Q. LONCHAS LIGHT
2025-08-30,QUESO BURGOS NATURAL
2025-08-30,T.CHERRY PERA NEGRO
2025-08-30,SPAGHETTI
2025-08-30,COTTONLIKE SÚPER C/A
2025-08-30,COSTILLA CARNOSA
2025-08-30,BURGER M VA/CE 1000G
2025-08-30,LONGANIZA MAGRO FRES
2024-05-29,ROLLO HOGAR DOBLE
2024-05-29,PAPEL HIGIENICO 4 CA
2024-05-29,PACK 8 ISOT NARANJA
2024-05-29,LACTOVIT NUTRITIVO
2024-05-29,JABON TIERNOS RECUER
2024-05-29,GRIEGO BICAPA FRESA
2024-05-29,YOGUR CON FRUTAS
2024-05-29,TRADICIONAL
2024-05-29,MARGARINA
2024-05-29,PREPARADO CRUJIENTE
2024-05-29,HELICES VEGETALES
2024-05-29,BARRA DE PAN 3 UDS
2024-05-29,LONGANIZA CLASICA EX
2024-05-29,CREMA CALABAZA
2024-05-29,CREMA DE VERDURAS
2024-05-29,SPRAY ROPA LIMPIA
2024-05-29,AJOS TIERNOS
2024-05-29,PATATAS GAJO
2024-05-29,RELLENO FAJITAS
2024-05-29,RELLENO KEBAB POLLO
2024-02-03,ROLLO HOGAR DOBLE
2024-02-03,DIGESTIVE AVENA CHOC
2024-02-03,GALL DIGESTIVE CHOCO
2024-02-03,REC.AUT.ROPA LIMPIA
2024-02-03,40 B.MINI PAPELERA
2024-02-03,15 B.GRANDES C FACIL
2024-02-03,TORTITAS DE MAIZ
2024-02-03,BARRA TRADICIONAL
2024-02-03,5 BOCADILLOS
2024-02-03,ARROZ BASMATI
2024-02-03,MERLUZA REBOZADA
2024-02-03,RELLENO KEBAB POLLO
2024-02-03,ARROZ INTEGRAL
2024-02-03,PATATA CHURRERÍA
2024-02-03,GRISSINI SESAMO 2 U.
2024-02-03,BARRA CAMPESINA
2024-02-03,ARROZ FALLERA
2024-02-03,PECHUGA PAVO BIPACK
2024-02-03,PIPA GIGANTE SAL
2024-02-03,PAN REDONDO SEMILLAS
2024-02-03,CEBOLLA CRUJIENTE
2024-02-03,MAIZ FRITO CRUJIENTE
2024-02-03,CORAZONES COGOLLO
2024-02-03,QUESO HAVARTI LIGHT
2024-02-03,CHORIZO OREADO
2024-02-03,MORCILLA CEB. OREADA
2024-02-03,LONGANIZA MAGRO FRES
2024-02-03,MINI CHORIZO IBERICO
2024-02-03,Q. RALLADO EMMENTAL
2024-02-03,PAPEL ALUMINIO
2024-02-03,JAMÓN SERRANO SOBRE
2024-02-03,CEBOLLA TUBO
2024-02-03,PIZZA PROSCIUTTO
2024-02-03,T.CHERRY PERA NEGRO
2024-02-03,SALSA YOGURT
2024-02-03,MARGARINA C/SAL
2024-02-03,F.LECHE TROPICAL
2024-02-03,GRIEGO BICAPA FRESA
2024-02-03,LECHE SEMI CALCIO
2024-02-03,TOMATE ENSALADA
2024-02-03,AGUACATE
2024-02-03,PARKING
2024-05-29,SOLOMILLO MARIN CONG
2024-05-29,MERLUZA REBOZADA
2024-05-29,CALAMAR PEQUEÑO
2024-05-29,Q. RALLADO EMMENTAL
2024-05-29,QUESO GRANA PADANO
2024-05-29,Q SEMI MEZCLA
2024-05-29,QUESO FRESCO VACA
2024-05-29,TORTILLA PAT C/CEB
2024-05-29,6 HUEVOS COCIDOS
2024-05-29,Q VIEJO TOSTADO
2024-05-29,PIZZA PROSCIUTTO
2024-05-29,SALMOREJO FRESCO
2024-05-29,PARAGUAYO BANDEJA
2024-05-29,CHAMPIÑON PORTOBELLO
2024-05-29,CEREZA
2024-05-29,CEBOLLA TIERNA
2024-05-29,BONITO NORTE A.OLIVA
2024-05-29,SANDÍA PARTIDA B/S
2024-05-29,LECHE SEMI CALCIO
2024-05-29,MELOCOTON AMARILLO
2024-05-29,PLATANO
2024-05-29,CIRUELA ROJA
2024-02-21,BEBER FRESA-PLATANO
2024-02-21,SAL YODADA
2024-02-21,ARROZ INTEGRAL
2024-02-21,ARROZ COCIDO
2024-02-21,ATUN OLIVA
2024-02-21,DELICIAS DE POLLO
2024-02-21,RELLENO KEBAB POLLO
2024-02-21,QUESO HAVARTI LIGHT
2024-02-21,6 HUEVOS CAMPEROS
2024-02-21,CARACOLA AL CACAO
2024-02-21,TOM.RECETA ARTESANA
2024-02-21,5 BOCADILLOS
2024-02-21,TORTITAS DE MAIZ
2024-02-21,PACK 8 TE LIMON
2024-02-21,SOBRASADA IBÉRICA
2024-02-21,MORTADELA ACEITUNAS
2024-02-21,SALCHICHAS BOCADILLO
2024-02-21,S.FRANKFURT BOCATA Q
2024-02-21,SALCHICHA FRANKFURT
2024-02-21,LACTOVIT NUTRITIVO
2024-02-21,TORTITAS DE ARROZ
2024-02-21,COL LOMBARDA
2024-02-21,AGUACATE
2025-08-30,BROTES TIERNOS
2025-08-30,CAFÉ LECHE CAPPUCCIN
2025-08-30,GUACAMOLE 500 GR
2025-08-30,COGOLLOS
2025-08-30,REC.AUT.ROPA LIMPIA
2025-08-30,GALL DIGESTIVE
2025-08-30,MORCILLA CEBOLLA FRE
2025-08-30,PECHUGA PAVO 92%
2025-08-30,BONITO MIGAS OLIV P3
2025-08-30,Q CREMOSO
2025-08-30,CHORIZO OREADO
2025-08-30,GALLETA CHOCO NEGRO
2025-08-30,LIMPIAGAFAS
2025-08-30,JAMÓN S. S/ADITIVOS
2025-08-30,PECHUGA DE POLLO 92%
2025-08-30,HUMMUS CLASICO
2025-08-30,Q SEMI MEZCLA
2025-08-30,LECHE SEMI CALCIO
2025-08-30,PERA ERCOLINA
2025-08-30,MELON PIEL SAPO
2025-08-30,TOMATE ENSALAD
2025-08-30,MELOCOTON AMARILLO
2025-08-30,PIMIENTO ROJO
2025-08-19,TORTILLAS MEXICANAS
2025-08-19,PILA ALCALINA LR6
2024-06-01,PATATA CHURRERÍA
2024-06-01,CHOCO GOTAS FUNDIR
2024-06-01,ALMENDRA NATURAL
2024-06-01,ALMENDRA NATURAL S/P
2024-06-01,ALMEJA PACIFIC
2024-06-01,MERLUZA SIN CABEZA
2024-06-01,MERLUZA SIN CABEZA
2024-06-01,CALAMAR PEQUEÑO
2024-06-01,MORTADELA LONCHAS
2024-06-01,PECHUGA PAVO BIPACK
2024-02-24,F.LECHE TROPICAL
2024-02-24,BIFRUTAS TROPICAL
2024-02-24,PIPA GIGANTE SAL
2024-02-24,BIZCOCHO DE CACAO
2024-02-24,ARROZ FALLERA
2024-02-24,MACARRON
2024-02-24,TOM. RECETA ARTESANA
2024-02-24,HOJALDRE MANTEQUILLA
2024-02-24,CREMA CALABAZA
2024-02-24,PECHUGA PAVO BIPACK
2024-02-24,NATA PARA COCINAR
2024-02-24,CREMA DE VERDURAS
2024-02-24,MARGARINA C/SAL
2024-02-24,TOM.RECETA ARTESANA
2024-02-24,NOODLE SABOR POLLO
2024-02-24,BARRA DE PAN
2024-02-24,YAKISOBA CLÁSICO
2024-02-24,BARRA TRADICIONAL
2024-02-24,CALAMAR PEQUEÑO
2024-02-24,LOMO EMBUCHADO 4PACK
2024-02-24,ALAS ENTERAS
2024-02-24,JAMONCITOS DE POLLO
2024-02-24,ALMEJA PACIFIC
2024-02-24,PIZZA BBQ M.FINA
2024-02-24,PIZZA BOLOÑESA
2024-02-24,PIZZA JAMON M.FINA
2024-02-24,GALL DIGESTIVE CHOCO
2024-02-24,T.CHERRY PERA NEGRO
2024-02-24,CEREAL RELL AVELLANA
2024-02-24,CORAZONES COGOLLO
2024-02-24,NARANJA MALLA 3 KG
2024-02-24,LECHE SEMI CALCIO
2024-02-24,PIMIENTO ROJO
2024-02-24,CALABACIN VERDE
2024-02-24,BERENJENA
2024-06-01,QUESO HAVARTI LIGHT
2024-06-01,SANDÍA PARTIDA B/S
2024-06-01,BARRA DE PAN 3 UDS
2024-02-28,BENTO PEQUEÑO
2024-02-28,BURGER CON QUESO
2024-02-28,BARRITA CHOCO LECHE
2024-06-01,QUESO FRESCO VACA
2025-08-04,PAPEL HIGIÉNICO 4 CA
2025-08-04,ROLLO HOGAR DOBLE
2025-08-04,ARIEL LIQUIDO TOT
2025-08-04,PIPA GIGANTE SAL
2025-08-04,LECHE SABOR CANELA
2025-08-04,PAN 51% INTEGRAL 5UN
2025-08-04,JAMÓN S. S/ADITIVOS
2025-08-04,CHOCOLATE PURO
2025-08-04,HORCHATA
2025-08-04,12 HUEVOS CAMPEROS
2025-08-04,6 HUEVOS COCIDOS
2025-08-04,MINI 6
2025-08-04,BROTES TIERNOS
2025-08-04,TOMATE FRITO CASERO
2024-02-29,5 BOCADILLOS
2024-02-29,BARRA DE PAN
2024-02-29,GARBANZO PEDROSILLAN
2024-02-29,CREMA CALABAZA
2024-02-29,CREMA ESPÁRRAGOS
2024-02-29,CEBOLLA CRUJIENTE
2024-02-29,JAMÓN SERRANO SOBRE
2024-02-29,MERLUZA REBOZADA
2024-02-29,JAMON COCIDO SANDWIC
2024-02-29,PECHUGA PAVO BIPACK
2024-02-29,ROLLON ALOE VERA
2024-02-29,AJOS TIERNOS
2024-02-29,HOJALDRE MANTEQUILLA
2024-02-29,Q VIEJO TOSTADO
2024-02-29,Q SEMI MEZCLA
2024-02-29,QUESO HAVARTI LIGHT
2024-02-29,PLATANO
2025-08-04,TOM.RECETA ARTESANA
2025-08-04,BONITO NORTE A.OLIVA
2025-08-04,ATUN CLARO OLIVA
2025-08-04,INSECTICIDA AVISPAS
2025-08-04,Q. LONCHAS LIGHT
2025-08-04,CORAZONES COGOLLO
2024-03-01,GALL DIGESTIVE CHOCO
2024-03-01,DIGESTIVE AVENA CHOC
2024-03-01,GRISSINI SESAMO 2 U.
2024-03-01,PALITO FRUTOS SECOS
2024-03-01,CRACKERS
2024-03-01,HELICES VEGETALES
2024-03-01,PATATA CHURRERÍA
2024-03-01,NACHOS
2024-03-01,CINTAS DE BACON
2024-03-01,CHILI CON CARNE
2024-03-01,TOMATE TRITURADO
2024-03-01,TOMATE TROCEADO
2024-03-01,ESPÁRRAGO CORTO
2024-03-01,HARINA DE TRIGO.
2024-03-01,TORTILLAS MEXICANAS
2024-03-01,IMPULSOR ROYAL 80GR
2024-03-01,ARROZ FALLERA
2024-03-01,PECHUGA FAMILIAR
2024-03-01,F. PLANCHA/GUISAR
2024-03-01,SALSA MEXICANA
2024-03-01,CEBOLLA 2 KG
2024-03-01,GUACAMOLE 200 G
2025-08-04,SANDÍA PARTIDA B/S
2025-08-04,PECHUGA PAVO 92%
2025-08-04,ALBONDIGAS 24 UNID.
2025-08-04,T.CHERRY PERA NEGRO
2025-08-04,CIRUELA CLAUDIA
2025-08-04,BURGER VACUNO GRUESA
2025-08-04,Q CREMOSO
2025-08-04,Q SEMI MEZCLA
2025-08-04,GUACAMOLE 500 GR
2025-08-04,COLA ZERO
2025-08-04,DELICIAS DE POLLO
2025-08-04,POLLO CRISPY
2025-08-04,PIZZA FORMAGGI
2025-08-04,PARAGUAYO
2025-08-07,GRANIZADO LIMÓN
2025-08-07,MAIZ
2025-08-07,ESPARRAGO VERDE TROC
2025-08-07,HABITAS MUY TIERNAS
2025-08-07,CONO NATA FRESA
2025-08-07,SUPERSANDWICH NATA
2025-08-07,ALISTADO MEDIANO
2024-03-01,CORAZONES COGOLLO
2024-03-01,BURGER M VA/CE 1000G
2024-03-01,TOMATE NEGRO
2024-03-01,PARKING
2026-02-10,GRIEGO NATURAL P-6
2026-02-10,ACTIVADOR R BLANCA
2026-02-10,ACTIVADOR R COLOR
2026-02-10,GALLETA CHOCO NEGRO
2026-02-10,DESODORANTE ROLL-ON
2026-02-10,ALAS ENTERAS
2026-02-10,ARROZ FALLERA
2026-02-10,ALAS ENTERAS
2026-02-10,LENTEJA PARDINA
2026-02-10,45 BOLSAS DOGGYBAG
2026-02-10,PIPA GIGANTE SAL
2026-02-10,MAIZ FRITO CRUJIENTE
2026-02-10,MINI CHORIZO IBERICO
2026-02-10,DELICIAS DE POLLO
2026-02-10,CREMA CALABACÍN
2026-02-10,T.CHERRY PERA NEGRO
2026-02-10,GUACAMOLE 500 GR
2026-02-10,C. COCIDO 100% NAT
2026-02-10,NATA PARA COCINAR
2026-02-10,CALDO CARNE SOFRITO
2026-02-10,"NEVAL P-6X1,5L"
2026-02-10,PLATANO
2025-08-07,DELICIAS DE POLLO
2025-08-07,GAMBA PELADA CRUDA
2025-08-07,HELADO SANDWICH NATA
2025-08-07,ALMEJA PACIFIC
2025-08-07,ATÚN
2025-08-07,CALAMAR PEQUEÑO
2025-08-07,FREGONA HILO MIR.
2025-08-07,INSECTICIDA SIN PERF
2025-08-07,LACTOVIT NUTRITIVO
2025-08-07,LIMP. BAÑOS PISTOLA
2025-08-07,LIMPIAMUEBLE PARQUET
2025-08-07,FUMET DE PESCADO
2025-08-07,GEL LIMPIADOR BAÑO
2025-08-07,PATATAS EXTRACRUNCH
2025-08-07,TORTILLAS MEXICANAS
2025-08-07,JAMÓN S. S/ADITIVOS
2025-08-07,CERVEZA EXTRA
2025-08-07,PAPEL ALUMINIO
2025-08-07,GARBANZO M.COCIDO
2025-08-07,TOM.RECETA ARTESANA
2025-08-07,FUET ESPETEC EXTRA
2025-08-07,QUESO BURGOS NATURAL
2025-08-07,BODY DEPIL 2 HOJAS
2025-08-07,FIDEUA CURVA
2025-08-07,DEO ROLL-ON ALOE
2025-08-07,SANDÍA PARTIDA B/S
2025-08-07,12 HUEVOS CAMPEROS
2025-08-07,COCKTAIL CRUNCHY
2025-08-07,BANDAS DEPIL FACIAL
2025-08-07,TORTILLA PAT C/CEB
2025-08-07,Q RALLADO EMMENTAL
2025-08-07,MINI TAQUITOS JAMON
2025-08-07,MEZCLA 4 QUESOS
2025-08-07,FILETE PLANCHA
2025-08-07,FILETE PLANCHA
2025-08-07,FOCACCIA
2025-08-07,T.CHERRY PERA NEGRO
2025-08-07,SALSA YOGURT
2025-08-07,PARAGUAYO
2025-08-07,PERA ERCOLINA
2025-09-23,BOQUERON EN TEMPURA
2025-09-23,LANGOSTINO REBOZADO
2025-09-23,BONITO NORTE A.OLIVA
2025-09-23,MERLUZA REBOZADA
2025-09-23,TORTILLAS MEXICANAS
2025-09-23,BODY DEPIL 2 HOJAS
2024-03-01,12 HUEVOS CAMPEROS
2024-03-01,BOLSA PLASTICO
2024-03-01,VELA CIFRA 1 V2
2024-03-01,VELA CIFRA 7 V2
2024-03-01,PIMIENTO ROJO
2024-03-01,PIMIENTO VERDE
2025-09-23,ANITINES TOM/OREGANO
2025-08-09,PIZZA CARNÍVORA
2024-03-01,LS POLLO REBOZADO
2024-03-01,GOLOSINAS MIX AZÚCAR
2024-03-04,YOGUR SABORES
2024-03-04,GRIEGO BICAPA FRESA
2024-03-04,PAPEL HIGIENICO 4 CA
2024-03-04,SEPIA LIMPIA
2024-03-04,SEPIA LIMPIA
2024-03-04,5 BOCADILLOS
2024-03-04,CORAZONES COGOLLO
2024-03-04,BEBER FRESA-PLATANO
2024-03-04,MAXI HAMBURGUESA
2024-03-04,LOMO EMBUCHADO 4PACK
2024-03-04,CHORIZO PICANT 4 PAC
2024-03-04,SALSA YOGURT
2024-03-04,PIZZA PROSCIUTTO
2024-03-04,CEREAL RELL AVELLANA
2024-03-04,CREMA CACAO
2024-03-04,DEO BODY SP AQUA
2024-03-04,MANZANA GOLDEN BOLSA
2024-03-04,LIMPIAGAFAS
2024-03-04,BARRA TRADICIONAL
2024-03-04,BURGER VACUNO GRUESA
2024-03-04,ALBONDIGAS 24 UNID.
2024-03-04,6 HUEVOS COCIDOS
2024-03-04,"NEVAL 6X1,5L"
2024-03-04,AGUACATE
2024-03-09,ROLLO HOGAR DOBLE
2024-03-09,PAPEL HIGIENICO 4 CA
2024-03-09,JAMÓN SERRANO SOBRE
2024-03-09,PECHUGA PAVO BIPACK
2024-03-09,ARROZ FALLERA
2024-03-09,COMPRESA SUPER ALAS
2024-03-09,BIZCOCHO DE CACAO
2024-03-09,BURGER M VACUN 1000G
2024-03-09,ALAS ENTERAS
2024-03-09,HOJALDRE MANTEQUILLA
2024-03-09,BARRA TRADICIONAL
2024-03-09,ARROZ INTEGRAL
2024-03-09,REC.AUT.ROPA LIMPIA
2024-03-09,COLA NORMAL 2L
2024-03-09,SALCHICHA FRANKFURT
2024-03-09,S.FRANKFURT BOCATA Q
2024-03-09,DIGESTIVE AVENA CHOC
2024-03-09,PATATA CHURRERÍA
2024-03-09,SALCHICHAS BOCADILLO
2024-03-09,CHAMPIÑON BANDEJA P
2024-03-09,PECHUGA 2 UND
2024-03-09,ALAS ENTERAS
2024-03-09,CORAZONES COGOLLO
2024-03-09,GALL DIGESTIVE CHOCO
2024-03-09,Q. RALLADO EMMENTAL
2024-03-09,ACEITUNA R/JALAPEÑO
2024-03-09,CEBOLLA TIERNA
2024-03-09,T.CHERRY PERA NEGRO
2024-03-09,FRESÓN 1 KG.
2024-03-09,QUESO HAVARTI LIGHT
2024-03-09,MASA EMPANAD. REFRIG
2024-03-09,6 HUEVOS CAMPEROS
2024-03-09,MERLUZA REBOZADA
2024-03-09,ZANAHORIA BOLSA
2024-03-09,LONGANIZA MAGRO FRES
2024-03-09,SAZONADOR BARBACOA
2024-03-09,S. HIERBAS PROVENZAL
2024-03-09,PAN RALLADO CASERO
2024-03-09,COLA ZERO ZERO P-12
2024-03-09,SOLOMILLO CERDO
2024-03-09,PATATA 3 KG
2024-03-09,BERENJENA
2024-03-09,PLATANO
2024-03-09,PIMIENTO ROJO
2024-03-09,CALABACIN VERDE
2024-03-09,PARKING
2024-03-09,ROLLO HOGAR DOBLE
2024-03-09,PAPEL HIGIENICO 4 CA
2024-03-09,JAMÓN SERRANO SOBRE
2024-03-09,PECHUGA PAVO BIPACK
2024-03-09,ARROZ FALLERA
2024-03-09,COMPRESA SUPER ALAS
2024-03-09,BIZCOCHO DE CACAO
2024-03-09,BURGER M VACUN 1000G
2024-03-09,ALAS ENTERAS
2024-03-09,HOJALDRE MANTEQUILLA
2024-03-09,BARRA TRADICIONAL
2024-03-09,ARROZ INTEGRAL
2024-03-09,REC.AUT.ROPA LIMPIA
2024-03-09,COLA NORMAL 2L
2024-03-09,SALCHICHA FRANKFURT
2024-03-09,S.FRANKFURT BOCATA Q
2024-03-09,DIGESTIVE AVENA CHOC
2024-03-09,PATATA CHURRERÍA
2024-03-09,SALCHICHAS BOCADILLO
2024-03-09,CHAMPIÑON BANDEJA P
2024-03-09,PECHUGA 2 UND
2024-03-09,ALAS ENTERAS
2024-03-09,CORAZONES COGOLLO
2024-03-09,GALL DIGESTIVE CHOCO
2024-03-09,Q. RALLADO EMMENTAL
2024-03-09,ACEITUNA R/JALAPEÑO
2024-03-09,CEBOLLA TIERNA
2024-03-09,T.CHERRY PERA NEGRO
2024-03-09,FRESÓN 1 KG.
2024-03-09,QUESO HAVARTI LIGHT
2024-03-09,MASA EMPANAD. REFRIG
2024-03-09,6 HUEVOS CAMPEROS
2024-03-09,MERLUZA REBOZADA
2024-03-09,ZANAHORIA BOLSA
2024-03-09,LONGANIZA MAGRO FRES
2024-03-09,SAZONADOR BARBACOA
2024-03-09,S. HIERBAS PROVENZAL
2024-03-09,PAN RALLADO CASERO
2024-03-09,COLA ZERO ZERO P-12
2024-03-09,SOLOMILLO CERDO
2024-03-09,PATATA 3 KG
2024-03-09,BERENJENA
2024-03-09,PLATANO
2024-03-09,PIMIENTO ROJO
2024-03-09,CALABACIN VERDE
2024-03-09,PARKING
2024-03-08,L.CASEI 0% FRESA
2024-03-08,BERLINA BLANCA
2024-03-08,COSTILLAS BARBACOA
2024-03-08,LS POLLO REBOZADO
2024-03-08,LS POLLO REBOZADO
2025-09-15,MINI 6
2025-09-15,PAN 51% INTEGRAL 5UN
2025-09-15,PIPA GIGANTE SAL
2025-09-15,MAXI HAMBURGUESA
2025-09-15,CINTAS DE BACON
2025-09-15,PALOMIT. MANTEQUILLA
2025-09-15,C. COCIDO 100% NAT
2025-09-15,NUEZ NATURAL
2025-09-15,ANACARDO NATURAL
2025-09-15,PISTACHO TOSTADO SAL
2025-09-15,ALMENDRA NATURAL
2025-09-15,ARROZ FALLERA
2025-09-15,12 HUEVOS CAMPEROS
2025-09-15,BURGER VACUNO GRUESA
2025-09-15,6 HUEVOS COCIDOS
2025-09-15,DEO BODY SP AQUA
2025-09-15,DELICIAS DE POLLO
2025-09-15,BURGER VACUNO
2025-09-15,FOCACCIA
2025-09-15,PECHUGA FAMILIAR
2025-09-15,NIDOS AL HUEVO
2025-09-15,BROTES TIERNOS
2025-09-15,PIMIENTO SEMIPICANTE
2025-09-15,ZANAHORIA BOLSA
2025-09-15,PIZZA FORMAGGI
2025-09-15,KETCHUP
2025-09-15,CALAMAR PEQUEÑO
2025-09-15,MERLUZA REBOZADA
2025-09-15,ÑORA PICADA
2025-09-15,T.CHERRY PERA NEGRO
2025-09-15,PATATA 3 KG
2025-09-15,LECHE SEMI CALCIO
2025-09-15,MELON PIEL SAPO
2025-09-15,PARAGUAYO
2025-09-15,CALABACIN VERDE
2025-09-15,PERA ERCOLINA
2025-09-19,BURGER M VACUN 1000G
2025-09-19,ÑOQUIS POLLO/VERDURA
2025-09-19,RELLENO FAJITAS
2025-09-19,SALTEADO DE POLLO
2025-09-19,RELLENO KEBAB POLLO
2025-09-19,AJOS TIERNOS
2025-09-19,FOCACCIA
2025-09-19,CHAMPIÑON PORTOBELLO
2025-09-19,LOMO EMBUCHADO
2025-09-19,PECHUGA PAVO 92%
2025-09-19,JAMÓN S. S/ADITIVOS
2025-09-19,COSTILLA CHURRASCO
2025-09-19,T.CHERRY PERA NEGRO
2025-09-19,LOTE 3 BAYETAS PEQ.
2025-09-19,COGOLLOS
2025-09-19,CEBOLLA TIERNA
2025-09-19,ARROZ FALLERA
2025-09-19,GALL DIGESTIVE
2025-09-19,CERVEZA EXTRA
2025-09-19,ESTROPAJO SALVAUÑAS
2025-09-19,TOMATE TRITURADO
2025-09-19,TOMATE TROCEADO
2025-09-19,COLA ZERO ZERO P-12
2025-09-19,CREMA VERDURAS
2025-09-19,CREMA CALABACÍN
2024-03-08,L.CASEI 0% FRESA
2024-03-08,BERLINA BLANCA
2024-03-08,COSTILLAS BARBACOA
2025-09-19,Q SEMI MEZCLA
2024-03-13,BURGER CON QUESO
2024-03-13,PETIT DE BOLSILLO FR
2024-03-13,PATATA BRAVA ALLIOLI
2024-03-13,CERDO TACOS
2024-03-13,BEBER FRESA-P
2024-03-13,ACEITUNA R/JALAPEÑO
2024-03-13,CERDO TACOS
2024-03-13,CEREAL RELL AVELLANA
2024-03-13,BARRA DE PAN
2024-03-13,COMPRESA SUPER ALAS
2024-03-13,LOTE 3 BAYETAS PEQ.
2024-03-13,TOALL.BEBE FRESC.80
2024-03-13,40 B.MINI PAPELERA
2024-03-13,5 BOCADILLOS
2024-03-13,LAVAVAJ. TODO EN
2024-03-13,PECHUGA PAVO BIPACK
2024-03-13,LOMO EMBUCHADO 4PACK
2024-03-13,JAMÓN SERRANO SOBRE
2024-03-13,TORTELLONI CARNE
2024-03-13,GIRASOLES QUESOS
2024-03-13,HIERBAS PROVENZALES
2024-03-13,QUESO HAVARTI LIGHT
2024-03-13,FRESÓN 1 KG.
2024-03-13,PIMIENTO ROJO
2024-03-13,PERA ERCOLINA
2024-03-15,AGUA SIN GAS FRIO
2024-03-15,BURGER CON QUESO
2024-03-15,PIZZA PROSCIUTTO
2024-03-15,CRUNCHY CHOC
2024-03-18,FUMET DE PESCADO
2024-03-18,TOM. RECETA ARTESANA
2024-03-18,ANACARDO NATURAL
2024-03-18,PECHUGA POLLO
2024-03-18,NUEZ NATURAL
2024-03-18,PIPA GIGANTE SAL
2024-03-18,ALMENDRA NATURAL
2024-03-18,SPRAY ROPA LIMPIA
2024-03-18,BEBER FRESA-PLATANO
2024-03-18,TORTITAS DE MAIZ
2024-03-18,POSAVAJILLAS
2024-03-18,TOM.RECETA ARTESANA
2024-03-18,CHOCO
2024-03-18,TORTITAS DE ARROZ
2024-03-18,GASIFICANTE REPOSTER
2024-03-18,PAN HOT DOG
2024-03-18,Q. RALLADO EMMENTAL
2024-03-18,SÉSAMO/AJONJOLÍ
2024-03-18,CHICLE HIERBABUENA
2024-03-18,BACON
2024-03-18,QUESO CHEDDAR LONCHA
2024-03-18,BARRA TRADICIONAL
2024-03-18,MAXI HAMBURGUESA
2024-03-18,GIRASOLES QUESOS
2024-03-18,TOMATE TRITURADO
2024-03-18,BURGER VACUNO
2024-03-18,MINI BURGER MIXTA
2024-03-18,CUARTO CERTIFICADO
2024-03-18,Q VIEJO TOSTADO
2024-03-18,Q SEMI MEZCLA
2024-03-18,QUESO GRANA PADANO
2024-03-18,PIZZA PROSCIUTTO
2024-03-18,CHORIZO PICANT 4 PAC
2024-03-18,LOMO EMBUCHADO 4PACK
2024-03-18,TORTELLONI CARNE
2024-03-18,6 HUEVOS COCIDOS
2024-03-18,6 HUEVOS CAMPEROS
2024-03-18,ACEITUNA R/JALAPEÑO
2024-03-18,BONITO NORTE A.OLIVA
2024-03-18,COCIDO
2024-03-18,T.CHERRY PERA NEGRO
2024-03-18,CORAZONES COGOLLO
2024-03-18,SALSA YOGURT
2024-03-18,VENTRESCA ATUN CLARO
2024-03-18,KETCHUP
2024-03-18,SALSA COCKTAIL 460ML
2024-03-18,CONTRA DES CERTIFICA
2024-03-18,AJO SECO 250 G
2024-03-18,CEBOLLA TUBO
2024-03-18,CALABACIN VERDE
2024-03-18,BERENJENA
2024-03-20,BARRA DE PAN
2024-03-20,CHULETA AGUJA
2024-03-20,COSTILLA CARNOSA
2024-03-20,JAMONCITOS DE POLLO
2024-03-20,GARBANZOS
2024-03-20,RELLENO KEBAB POLLO
2024-03-20,REBUENAS
2024-03-20,MERLUZA REBOZADA
2024-03-20,CROISSANT MANTEQ.26%
2024-03-20,BEBER FRESA-PLATANO
2024-03-20,6 HUEVOS CAMPEROS
2024-03-20,YOGUR CON FRUTAS
2024-03-20,CEREAL RELL AVELLANA
2024-03-20,5 BOCADILLOS
2024-03-20,LECHE SEMI CALCIO
2024-04-30,CRACKERS
2024-04-30,MANTEQUILLA PAST.SIN
2024-04-30,CRUNCHY CHOC
2024-04-30,HARINA DE FUERZA
2024-04-30,CHOCO GOTAS FUNDIR
2024-04-30,BARRA DE PAN
2024-04-29,ACEITE DE GIRASOL
2024-04-29,LECHE SEMI CALCIO
2024-04-29,BARRA TRADICIONAL
2024-04-29,MAGDALENA REDONDA
2024-04-29,PAN HOT DOG
2024-04-29,WAFFLE FRIES
2024-04-29,GRIEGO NATURAL P-6
2024-04-29,TORTILLA PAT C/CEB
2024-04-29,T.CHERRY PERA NEGRO
2024-04-29,PIZZA PROSCIUTTO
2024-04-29,GRIEGO BICAPA FRESA
2024-04-29,B.MIXTA GRUESA
2024-04-29,MERLUZA REBOZADA
2024-04-29,PALOMIT. MANTEQUILLA
2024-04-29,MUSLO DESHUESADO
2024-04-29,MUSLO DESHUESADO
2024-04-29,QUESO FRESCO VACA
2024-04-29,FRESÓN 1 KG.
2024-04-29,ZANAHORIA 500 G
2024-04-29,SALCHICHAS BOCADILLO
2024-04-29,CREMA ESPÁRRAGOS
2024-04-29,CALAMAR PEQUEÑO
2024-04-29,AJOS TIERNOS
2024-04-29,ATUN CLARO OLIVA
2024-04-29,BONITO NORTE ACEITE
2024-04-29,COGOLLOS
2024-04-29,12 HUEVOS CAMPEROS
2024-04-29,CEPILLO DENTAL MEDIO
2024-04-29,BARRA DE PAN
2024-04-29,PERA ERCOLINA
2024-04-29,PLATANO
2024-04-29,AGUACATE
2024-04-29,PARKING
2024-04-23,PIZZA CARBONARA M.F.
2024-04-23,PIZZA BBQ M.FINA
2024-04-23,RELLENO KEBAB POLLO
2024-04-23,BARRA TRADICIONAL
2024-04-23,MAXI HAMBURGUESA
2024-04-23,AZUCAR
2024-04-23,TORTITAS DE MAIZ
2024-04-23,PACK 8 SPRITE
2024-04-23,TORTITAS DE ARROZ
2024-04-23,QUESO GRANA PADANO
2024-04-23,CEPILLO DENTAL MEDIO
2024-04-23,CALAMAR PEQUEÑO
2024-04-23,MERLUZA REBOZADA
2024-04-23,MINI TAQUITOS JAMON
2024-04-23,BURGER VACUNO GRUESA
2024-04-23,HOJALDRE MANTEQUILLA
2024-04-23,AJOS TIERNOS
2024-04-23,VINO PORTO TAWNY
2024-04-23,GARBANZO PEDROSILLAN
2024-04-23,TOM. RECETA ARTESANA
2024-04-23,TOM.RECETA ARTESANA
2024-04-23,T.CHERRY PERA NEGRO
2024-04-23,AZÚCAR MORENO 1KG
2024-04-23,CORAZONES COGOLLO
2024-04-23,ZANAHORIA 500 G
2024-04-23,CEREAL RELL AVELLANA
2024-04-23,TOMATE TRITURADO
2024-04-23,PECHUGA PAVO BIPACK
2024-04-23,CREMA CALABACÍN
2024-04-23,QUESO FRESCO VACA
2024-04-23,TORTILLA PAT C/CEB
2024-04-23,12 HUEVOS CAMPEROS
2024-04-23,FRESÓN 1 KG.
2024-04-23,ATUN CLARO OLIVA
2024-04-23,PATATA 3 KG
2024-04-23,AGUACATE
2024-04-19,PATATA BRAVA ALLIOLI
2024-04-19,PETIT DE BOLSILLO FR
2024-04-19,BURGER CON QUESO
2024-04-19,CAFÉ LECHE CAPPUCCIN
2024-04-19,PATATA BRAVA ALLIOLI
2024-04-19,PETIT DE BOLSILLO FR
2024-04-19,BURGER CON QUESO
2024-04-19,CAFÉ LECHE CAPPUCCIN
2024-04-02,HARINA DE FUERZA
2024-04-02,LONGANIZA MAGRO FRES
2024-04-02,BURGER M VA/CE 1000G
2024-04-02,F. PLANCHA/GUISAR
2024-04-02,PECHUGA FAMILIAR
2024-04-02,SALCHICHAS BOCADILLO
2024-04-02,CIDER MANZANA MINI
2024-04-02,ACEITUNA R/JALAPEÑO
2024-04-02,NACHOS
2024-04-02,PORRAS
2024-04-02,MANTEQUILLA PAST.SIN
2024-04-02,TORTILLAS MEXICANAS
2024-04-02,PALITO FRUTOS SECOS
2024-04-02,GAJO RÚSTICA
2024-04-02,SALSA COCKTAIL 460ML
2024-04-02,BEBER FRESA-PLATANO
2024-04-02,LECHE SABOR CANELA
2024-04-02,CHILI CON CARNE
2024-04-24,CHEETOS PELOTAZOS
2024-04-24,REGA RED MIX
2024-04-24,COCKTAIL CRUNCHY
2024-04-24,MINI RELLENO LECHE
2024-04-20,"NEVAL 6X1,5L"
2024-04-20,PATATA CHURRERÍA
2024-04-20,PIZZA PROSCIUTTO
2024-04-20,BARRA DE PAN 3 UDS
2024-04-20,ESTROPAJO SALVAUÑAS
2024-04-20,ACEITUNA R/JALAPEÑO
2024-04-20,SAZONADOR BARBACOA
2024-04-20,REBUENAS
2024-04-20,TORTILLAS MEXICANAS
2024-04-20,CONTRA DES CERTIFICA
2024-04-20,ARROZ FALLERA
2024-04-20,PISTACHO TOST 0% SAL
2024-04-20,C. COCIDO 100% NAT
2024-04-20,CARRILLADA
2024-04-20,FRESÓN 1 KG.
2024-04-20,PUERRO CORTADO
2024-04-20,QUESO FRESCO VACA
2024-04-20,PECHUGA POLLO
2024-04-20,JAMÓN SERRANO SOBRE
2024-04-20,LECHE SEMI CALCIO
2024-04-20,PLATANO
2024-04-20,PARKING
2024-04-20,"NEVAL 6X1,5L"
2024-04-20,PATATA CHURRERÍA
2024-04-20,PIZZA PROSCIUTTO
2024-04-20,BARRA DE PAN 3 UDS
2024-04-20,ESTROPAJO SALVAUÑAS
2024-04-20,ACEITUNA R/JALAPEÑO
2024-04-20,SAZONADOR BARBACOA
2024-04-20,REBUENAS
2024-04-20,TORTILLAS MEXICANAS
2024-04-20,CONTRA DES CERTIFICA
2024-04-20,ARROZ FALLERA
2024-04-20,PISTACHO TOST 0% SAL
2024-04-20,C. COCIDO 100% NAT
2024-04-20,CARRILLADA
2024-04-20,FRESÓN 1 KG.
2024-04-20,PUERRO CORTADO
2024-04-20,QUESO FRESCO VACA
2024-04-20,PECHUGA POLLO
2024-04-20,JAMÓN SERRANO SOBRE
2024-04-20,LECHE SEMI CALCIO
2024-04-20,PLATANO
2024-04-20,PARKING
2024-04-17,ROLLO HOGAR DOBLE
2024-04-17,F.LECHE TROPICAL
2024-04-17,QUESO FRESCO VACA
2024-04-17,PECHUGA POLLO
2024-04-16,RELLENO KEBAB POLLO
2024-04-16,WAFFLE FRIES
2024-04-16,GARBANZOS
2024-04-16,TWISTER FRIES
2024-04-16,PATATAS GAJO
2024-04-16,BARRA TRADICIONAL
2024-04-16,PAN HOT DOG
2024-04-16,BEBER FRESA-PLATANO
2024-04-16,CEBOLLA CRUJIENTE
2024-04-16,ACTIVADOR R COLOR
2024-04-16,SALCHICHA FRANKFURT
2024-04-16,CREMA CACAO
2024-04-16,ARREGLO PUCHERO
2024-04-16,PACK 8 ISOT NARANJA
2024-04-16,PALOMIT. MANTEQUILLA
2024-04-16,PECHUGA POLLO
2024-04-16,PELOTA ALICANTINA
2024-04-16,JAMÓN SERRANO SOBRE
2024-04-16,BARRA DE PAN 3 UDS
2024-04-16,CEREAL RELL AVELLANA
2024-04-16,DEO BODY SP AQUA
2024-04-16,DESODORANTE ROLL-ON
2024-04-16,FIDEO CABELLO
2024-04-16,CHOCO
2024-04-16,COCIDO
2024-04-16,YOGUR NATURAL
2024-04-16,SALSA BRAVA
2024-04-16,MERLUZA REBOZADA
2024-04-16,LOMO EMBUCHADO 4PACK
2024-04-16,JAMON C.CALIDAD EXTR
2024-04-16,SALCHICHAS BOCADILLO
2024-04-16,ROJA DULCE BOLSA
2024-04-16,QUESO FRESCO VACA
2024-04-16,Q. RALLADO EMMENTAL
2024-04-10,5 BOCADILLOS
2024-04-10,BARRA DE PAN 3 UDS
2024-04-10,REC.AUT.ROPA LIMPIA
2024-04-10,TOMATE TROCEADO
2024-04-10,ROLLON ALOE VERA
2024-04-10,CREMA CALABAZA
2024-04-10,CREMA DE VERDURAS
2024-04-10,LECHE SEMI CALCIO
2024-04-10,TOMATE TRITURADO
2024-04-10,GRIEGO BICAPA FRESA
2024-04-10,MAIZ FRITO CRUJIENTE
2024-04-10,PIPA GIGANTE SAL
2024-04-10,YOGUR CON FRUTAS
2024-04-10,CHOCO
2024-04-10,BEBER FRESA-PLATANO
2024-04-10,REBUENAS
2024-04-10,40 B.MINI PAPELERA
2024-04-10,HELICES VEGETALES
2024-04-10,T.CHERRY PERA NEGRO
2024-04-10,MACARRON
2024-04-10,ARROZ FALLERA
2024-04-10,MERLUZA REBOZADA
2024-04-10,JAMÓN SERRANO SOBRE
2024-04-10,CALAMAR PEQUEÑO
2024-04-10,PECHUGA PAVO BIPACK
2024-04-10,MARGARINA C/SAL
2024-04-10,PATATA CHURRERÍA
2024-04-10,CEREAL RELL AVELLANA
2024-04-10,QUESO HAVARTI LIGHT
2024-04-10,TOMATE FRITO A.OLIVA
2024-04-10,PIZZA PROSCIUTTO
2024-04-10,PECHUGA FAMILIAR
2024-04-10,AJOS TIERNOS
2024-04-10,Q. RALLADO EMMENTAL
2024-04-10,LOMO EMBUCHADO 4PACK
2024-04-10,12 HUEVOS CAMPEROS
2024-04-10,SALCHICHA FRANKFURT
2024-04-10,ATUN CLARO OLIVA
2024-04-10,FUET ESPETEC EXTRA
2024-04-10,CORAZONES COGOLLO
2024-04-10,CEBOLLA 2 KG
2024-04-10,SOLOMILLO MARIN CONG
2024-04-10,Q SEMI MEZCLA
2024-04-10,Q VIEJO TOSTADO
2024-04-10,COL LOMBARDA CORTADA
2024-04-10,SALSA E. ARGENTINO
2024-04-10,CEBOLLA TIERNA
2024-04-10,SALSA YOGURT
2024-04-10,CEBOLLA CRUJIENTE
2024-04-10,6 HUEVOS COCIDOS
2024-04-10,AGUACATE
2025-09-19,MELOCOTÓN BANDEJA
2025-09-19,SALSA DE SOJA SALADA
2025-09-19,Q RALLADO EMMENTAL
2025-09-19,MEZCLA 4 QUESOS
2025-09-19,Q CREMOSO
2025-09-19,BROTES TIERNOS
2025-09-19,Q. LONCHAS LIGHT
2025-09-19,GUACAMOLE 500 GR
2025-09-19,PARAGUAYO
2025-09-19,CALABACIN VERDE
2025-09-19,MELON PIEL SAPO
2025-09-19,BERENJENA
2025-09-19,PERA ERCOLINA
2025-09-19,BERENJENA RAYADA GR
2025-08-09,GAJO RÚSTICA
2025-08-09,MONSTER MANGO LOCO
2025-08-14,MAC BOLOÑESA
2025-08-16,PATATAS EXTRACRUNCH
2025-08-16,PIPA GIGANTE SAL
2025-08-16,GRIEGO NATURAL P-6
2025-08-16,GASIFICANTE REPOSTER
2025-08-16,BOLSA RAFIA
2025-08-16,PISTACHO TOSTADO SAL
2025-08-16,C. COCIDO 100% NAT
2025-08-16,ALMENDRA NATURAL
2025-08-16,NUEZ NATURAL
2025-08-16,LECHE SABOR CANELA
2025-08-16,PALOMIT. MANTEQUILLA
2025-08-16,MINI BOMBONES 12 UNI
2025-08-16,MAXI HAMBURGUESA
2025-08-16,HOJALDRE MANTEQUILLA
2025-08-16,BURGER BERENJENA
2025-08-16,BURGER ESPINACAS
2025-08-16,ALCACHOFA CORTADA
2025-08-16,TOMATE TRITURADO
2025-08-16,PATATA 3 KG
2025-08-16,CERV PACK
2025-08-16,LECHE SEMI CALCIO
2025-08-19,PILA ALCALINA LR03
2025-08-19,PECHUGA PAVO 92%
2025-08-19,Q. LONCHAS LIGHT
2025-08-19,F. PLANCHA/GUISAR
2025-08-19,PECHUGA FAMILIAR
2025-08-19,BURGER M VA/CE 500G
2025-08-19,ARROZ FALLERA
2025-08-19,PAN 51% INTEGRAL 5UN
2025-08-19,PATATA MALLA 2 KG
2025-08-19,CEBOLLA TUBO
2025-08-19,PIMIENTO VERDE
2025-08-19,PIMIENTO ROJO
2025-08-19,TOMATE NEGRO
2025-08-22,LONGANIZA MAGRO FRES
2025-08-22,PINCHO SIN VARILLA
2025-08-22,PIZZA FORMAGGI
2025-08-22,SALSA BRASA & SABOR
2025-08-22,MELÓN ENVASADO
2025-08-22,PAN RALLADO CASERO
2025-08-22,NATA PARA COCINAR
2025-08-22,GUACAMOLE 500 GR
2025-08-28,ARROZ LARGO
2025-08-28,PATATA PREFREG. FINA
2025-08-28,CEBOLLA TUBO
2025-08-28,YERBA MATE
2024-04-02,CHOCO
2024-04-02,REBUENAS
2024-04-02,CEREAL RELL AVELLANA
2024-04-02,GUACAMOLE 200 G
2024-04-02,PIMIENTO ROJO
2024-04-02,PIMIENTO VERDE
2024-04-02,PIMIENTO ROJO
2025-02-15,CORAZONES COGOLLO
2025-02-15,QUESO BURGOS NATURAL
2025-02-15,HABITAS MUY TIERNAS
2025-02-15,ATÚN
2025-02-15,ALMEJA PACIFIC
2025-02-15,FUMET DE PESCADO
2025-02-15,LOMO EMBUCHADO 4PACK
2025-02-15,BROTES TIERNOS
2025-02-15,MAXI HAMBURGUESA
2025-02-15,CREMA CALABAZA
2025-02-15,MAIZ PALOMITAS
2025-02-15,F. PLANCHA/GUISAR
2025-02-15,PECHUGA PAVO 92%
2025-02-15,PATATAS KEBAB
2025-02-15,F. PLANCHA/GUISAR
2025-02-15,BACON
2025-02-15,PECHUGUITA POLLO ASA
2025-02-15,PAPEL HIGIENICO 4 CA
2025-02-15,6 HUEVOS CAMPEROS
2025-02-15,CLARA LIQUIDA PASTEU
2025-02-15,TOMATE TRITURADO
2025-02-15,T.CHERRY PERA NEGRO
2025-02-15,ARROZ FALLERA
2025-02-15,FRESÓN 1 KG.
2025-02-15,ROJA DULCE BOLSA
2025-02-15,ZANAHORIA BOLSA
2025-02-15,PLATANO
2025-02-15,PARKING
2025-02-25,ROLLO HOGAR DOBLE
2025-02-25,MARGARINA
2025-02-25,RELLENO KEBAB POLLO
2025-02-25,DELICIAS DE POLLO
2025-02-25,SALMÓN AHUMADO
2025-02-25,QUESO HAVARTI LIGHT
2025-02-25,PECHUGA PAVO 92%
2025-02-25,TORTILLA PAT C/CEB
2025-02-25,PATATAS KEBAB
2025-02-25,BURGER VACUNO GRUESA
2025-02-25,PELOTAS COCIDO
2025-02-25,ARREGLO PUCHERO
2025-02-25,5 BOCADILLOS
2025-02-25,100% INTEGRAL
2025-02-25,PAN SEMILLAS
2025-02-25,GALLETA CARAMELIZADA
2025-02-25,ATUN CLARO OLIVA
2025-02-25,SAL YODADA
2025-02-25,CEBOLLA 2 KG
2025-09-10,MARGARINA
2025-09-10,BURGER VACUNO GRUESA
2025-09-10,LECHE SEMI P6
2025-09-10,MACARRON
2025-09-10,QUINOA BLANCA/ROJA
2025-09-10,ARROZ INTEGRAL
2025-09-10,SALCHICHAS BOCADILLO
2025-09-10,SALCHICHA FRANKFURT
2025-09-10,QUESO BURGOS NATURAL
2025-09-10,MAXI HAMBURGUESA
2025-09-10,CHOCOLATE PURO
2025-09-10,TOMATE FRITO CASERO
2025-02-25,FRESÓN 1 KG.
2024-03-30,LOMO EMBUCHADO 4PACK
2024-03-30,PECHUGA PAVO BIPACK
2024-03-30,QUESO HAVARTI LIGHT
2024-03-30,REBUENAS
2024-03-30,NATA PARA COCINAR
2024-03-30,NATA PARA COCINAR
2024-03-30,HELICES VEGETALES
2024-03-30,LEVADURA FRESCA
2024-03-30,CERVEZA EXTRA
2024-03-30,LA MANCHA TINTO
2024-03-30,PALOMITAS SAL PACK
2024-03-30,RUEDA VERDEJO
2024-03-30,CREMA CORPORAL OLIVA
2024-03-30,RODAJAS EMPERADOR
2024-03-30,ROLLON ALOE VERA
2024-03-30,RODAJAS EMPERADOR
2024-03-30,LOCION ALOE VERA
2024-03-30,RELLENO KEBAB POLLO
2024-03-30,PINCHO MEXICANO
2024-03-30,CHULETAS MIXTAS
2024-03-30,CHULETA AGUJA
2024-03-30,GRIEGO BICAPA FRESA
2024-03-30,BARRA DE PAN 3 UDS
2024-03-30,ALAS ENTERAS
2024-03-30,ALAS ENTERAS
2024-03-30,PINCHO MAGRO
2024-03-30,12 HUEVOS CAMPEROS
2024-03-30,YOGUR CON FRUTAS
2024-03-30,HARINA DE FUERZA
2024-03-30,TOM.RECETA ARTESANA
2024-03-30,MAXI HAMBURGUESA
2024-03-30,MERLUZA REBOZADA
2024-03-30,FILETE DE LUBINA
2024-03-30,JAMÓN SERRANO SOBRE
2024-03-30,B.MIXTA GRUESA
2024-03-30,PIZZA PROSCIUTTO
2024-03-30,ARROZ FALLERA
2024-03-30,TOMATE FRITO AC.OLIV
2024-03-30,BARRA TRADICIONAL
2024-03-30,FILETE DE LUBINA
2024-03-30,CALAMAR PEQUEÑO
2024-03-30,Q SEMI MEZCLA
2024-03-30,Q VIEJO TOSTADO
2024-03-30,AJOS TIERNOS
2024-03-30,PATATA CHURRERÍA
2024-03-30,ESP VERDE FINO
2024-03-30,CEBOLLA TIERNA
2024-03-30,NARANJA MALLA 3 KG
2024-03-30,MANZANA GOLDEN BOLSA
2024-03-30,COLA ZERO ZERO P-12
2024-03-30,LECHE SEMI CALCIO
2024-03-30,ALCACHOFA
2024-03-30,BERENJENA RAYADA GR
2024-03-30,CALABACIN VERDE
2024-03-30,PARKING
2024-03-25,PATATAS CON PIEL
2024-03-25,RELLENO KEBAB POLLO
2024-03-25,WAFFLE FRIES
2024-03-25,PIZZA CARBONARA M.F.
2024-03-25,PIZZA DEEP AMERICANA
2024-03-25,PIZZA BBQ M.FINA
2024-03-25,PIZZA PROSCIUTTO
2024-03-25,DELICIAS DE POLLO
2024-03-25,SOLOMILLO MARIN CONG
2024-03-25,LOMO EMBUCHADO 4PACK
2024-03-25,JAMON S. EXTRA FINO
2024-03-25,JAMÓN SERRANO SOBRE
2024-03-25,PECHUGA PAVO BIPACK
2024-03-25,CHAMPIÑON BANDEJA P
2024-03-25,PECHUGA POLLO
2024-03-25,MARGARINA C/SAL
2024-03-25,SALCHICHA FRANKFURT
2024-03-25,S.FRANKFURT BOCATA Q
2024-03-25,"FRESÓN 1,3 KG"
2024-03-25,CEBOLLA TIERNA
2024-03-25,T.CHERRY PERA NEGRO
2024-03-25,AJOS TIERNOS
2024-03-25,5 BOCADILLOS
2024-03-25,SALSA FINA KRAFT
2024-03-25,BARRA TRADICIONAL
2024-03-25,QUESO HAVARTI LIGHT
2024-03-25,CALAMAR PEQUEÑO
2024-03-25,MERLUZA REBOZADA
2024-03-25,NATA PARA COCINAR
2024-03-25,DIGESTIVE AVENA CHOC
2024-03-25,DEO BODY SP AQUA
2024-03-25,BARRA DE PAN
2024-03-25,CORAZONES COGOLLO
2024-03-25,ARIEL LIQUIDO TOT
2024-03-25,COLORANTE ALIMENTARI
2024-03-25,REBUENAS
2024-03-25,45 BOLSAS DOGGYBAG
2024-03-25,MAIZ FRITO CRUJIENTE
2024-03-25,GALL DIGESTIVE CHOCO
2024-03-25,PIPA GIGANTE SAL
2024-03-25,AGUACATE
2024-03-25,BANANA
2024-03-25,PERA ERCOLINA
2024-04-06,PAPEL HIGIENICO 4 CA
2024-04-06,BARRA TRADICIONAL
2024-04-06,"NEVAL 6X1,5L"
2024-04-06,ALCOHOL LIMPIEZA
2024-04-06,5 BOCADILLOS
2024-04-06,ATÚN
2024-04-06,MERLUZA REBOZADA
2024-04-06,ALMEJA PACIFIC
2024-04-06,ALISTADO MEDIANO
2024-04-06,CHOCO
2024-04-06,45 BOLSAS DOGGYBAG
2024-04-06,CHOCOLATE PURO
2024-04-06,CHOCOLATE ALMENDRA
2024-04-06,FUMET DE PESCADO
2024-04-06,CREMA CALABAZA
2024-04-06,CREMA DE VERDURAS
2024-04-06,T.CHERRY PERA NEGRO
2024-04-06,ZANAHORIA BOLSA
2024-04-06,GAMBA PELADA GRAN
2024-04-06,CALAMAR PEQUEÑO
2024-04-06,"FRESÓN 1,3 KG"
2024-04-06,FIDEUA CURVA
2024-04-06,GALLETA MARIA
2024-04-06,CEREAL RELL AVELLANA
2024-04-06,CORAZONES COGOLLO
2024-04-06,PATATA MALLA 2 KG
2024-04-06,PIMIENTO ROJO
2024-04-06,PLATANO
2024-03-22,YOGOMIX NATURAL BOLI
2024-03-22,CAFÉ LECHE CAPPUCCIN
2024-03-22,LS MAC BOLOÑESA
2024-05-03,LS POLLO REBOZADO
2024-05-03,LS FINGERS DE QUESO
2024-05-03,PETIT DE BOLSILLO FR
2024-05-03,CAFÉ LECHE CAPPUCCIN
2024-05-03,BURGER CON QUESO
2024-05-04,DESINFECTANT TEJIDOS
2024-05-04,FAIRY ORIGINAL 870ML
2024-05-04,PRE. SENSITIVO SUAVE
2024-05-04,SUAVIZANTE AZUL
2024-05-04,CEPILLO DENTAL MEDIO
2024-05-04,ARIEL LIQUIDO TOT
2024-05-04,PAPEL HIGIENICO 4 CA
2024-05-04,PIZZA DEEP PEPPERONI
2024-05-04,PIZZA CARBONARA M.F.
2024-05-04,PIZZA BOLOÑESA
2024-05-04,JUDÍA PLANA 350 GR
2024-05-04,AJOS TIERNOS
2024-05-04,CEBOLLA TIERNA
2024-05-04,PAÑUELOS 4 CAP 10X10
2024-05-04,PAÑUELO CAJA
2024-05-04,BARRA DE PAN
2024-05-04,5 BOCADILLOS
2024-05-04,MAXI HAMBURGUESA
2024-05-04,T.CHERRY PERA NEGRO
2024-05-04,CORAZONES COGOLLO
2024-05-04,BARRA TRADICIONAL
2024-05-04,ARROZ COCIDO
2024-05-04,ACEITUNA R/JALAPEÑO
2024-05-04,ARROZ INTEGRAL
2024-05-04,Q VIEJO TOSTADO
2024-05-04,Q SEMI MEZCLA
2024-05-04,PECHUGA PAVO BIPACK
2024-05-04,JAMÓN SERRANO SOBRE
2024-05-04,MUSLO DESHUESADO
2024-05-04,MUSLO DESHUESADO
2024-05-04,LONGANIZA MAGRO FRES
2024-05-04,MERLUZA REBOZADA
2024-05-04,PIZZA PROSCIUTTO
2024-05-04,Q. RALLADO EMMENTAL
2024-05-04,CALAMAR PEQUEÑO
2024-05-04,TOMATE TRITURADO
2024-05-04,QUESO FRESCO VACA
2024-05-04,QUESO HAVARTI LIGHT
2024-05-04,ARROZ FALLERA
2024-05-04,PIMIENTO ROJO
2024-05-04,AGUACATE
2024-05-04,COL LOMBARDA
2024-05-04,BERENJENA RAYADA GR
2024-05-04,CALABACIN VERDE
2024-05-04,PARKING
2024-05-10,CHICLES XXL
2024-05-10,LS POLLO REBOZADO
2024-05-10,CALAMAR PEQUEÑO
2024-05-10,FIDEUA CURVA
2024-05-10,QUICHE VEGETAL
2024-05-10,FRESÓN 1 KG.
2024-05-10,PIZZA PROSCIUTTO
2024-05-10,BURGER M VA/CE 500G
2024-05-10,LANGOSTINO COCIDO
2024-05-10,ACEITUNA R/JALAPEÑO
2024-05-10,ACEITUNA CHUPADEDOS
2024-05-10,ESPÁRRAGO CORTO
2024-05-10,SALSA FINA KRAFT
2024-05-10,Q SEMI MEZCLA
2024-05-10,FUMET DE PESCADO
2024-05-10,Q VIEJO TOSTADO
2024-05-10,TOMATE TRITURADO
2024-05-10,TOM.RECETA ARTESANA
2024-05-10,TOM. RECETA ARTESANA
2024-05-10,PETIT DE BOLSILLO FR
2024-05-10,CAFÉ LECHE CAPPUCCIN
2024-05-10,BURGER CON QUESO
2025-09-10,DEO ROLL-ON ALOE
2025-09-10,TOM.RECETA ARTESANA
2025-09-10,6 HUEVOS COCIDOS
2025-09-10,12 HUEVOS CAMPEROS
2025-09-10,PATATAS EXTRACRUNCH
2025-09-10,TORTILLAS MEXICANAS
2025-09-10,MERLUZA REBOZADA
2025-09-10,JAMÓN S. S/ADITIVOS
2025-09-10,LOMO EMBUCHADO
2025-09-10,PECHUGA PAV FINAS
2025-09-10,MANTEQUILLA PAST.SIN
2025-09-10,MEZCLA 4 QUESOS
2025-09-10,PECHUGA PAVO 92%
2025-09-10,Q RALLADO EMMENTAL
2025-09-10,JUDÍA REDONDA
2025-09-10,SIROPE DE AGAVE
2025-09-10,BONITO NORTE A.OLIVA
2025-09-10,FOCACCIA
2025-09-10,BROTES TIERNOS
2025-09-10,S.FRANKFURT BOCATA Q
2025-09-10,FLAUTAS POLLO/QUESO
2025-09-10,GUACAMOLE 500 GR
2025-09-10,LOMO ADOBADO
2025-09-10,FIAMBRE MAGRO
2025-09-10,BURGER VACUNO
2025-09-10,COGOLLOS
2025-09-10,S. HIERBAS PROVENZAL
2025-09-10,SAZONADOR BARBACOA
2025-09-10,Q. LONCHAS LIGHT
2025-09-10,T.CHERRY PERA NEGRO
2025-09-10,JAMONCITOS DE POLLO
2025-09-10,ALAS CONGELADAS
2025-09-10,MELOCOTON AMARILLO
2025-09-10,PERA ERCOLINA
2025-09-10,MELON PIEL SAPO
2025-08-11,BOQUERON EN TEMPURA
2025-08-11,LANGOSTINO REBOZADO
2025-08-11,TEMPURA VERDURAS
2025-08-11,JAMÓN S. S/ADITIVOS
2025-08-11,PECHUGA DE POLLO 92%
2025-08-11,PECHUGA PAVO 92%
2025-08-11,PIZZA DEEP AMERICANA
2025-08-11,PIZZA TRUFFATA
2025-08-11,Q SEMI MEZCLA
2025-08-11,Q CREMOSO
2025-08-11,MERLUZA REBOZADA
2025-08-11,FILETE DE LUBINA
2025-08-11,PALOMIT. MANTEQUILLA
2025-08-11,CAFÉ LECHE CAPPUCCIN
2025-08-11,GALLETA CHOCO NEGRO
2025-08-11,MEZCLA 4 QUESOS
2025-08-11,Q RALLADO EMMENTAL
2025-08-11,CINTAS DE BACON
2025-08-11,BROTES TIERNOS
2025-08-11,CORAZONES COGOLLO
2025-08-11,GUACAMOLE 500 GR
2025-08-11,DESODORANTE ROLL-ON
2025-08-11,PIZZA FORMAGGI
2025-08-11,MINI 6
2025-08-11,PAN 51% INTEGRAL 5UN
2025-08-11,ZANAHORIA BOLSA
2025-08-11,Q. LONCHAS LIGHT
2025-08-11,T.CHERRY PERA NEGRO
2024-05-10,ATÚN
2024-05-10,ANACARDO NATURAL
2024-05-10,PISTACHO NATURAL
2024-05-10,ALMENDRA NATURAL
2024-05-10,NUEZ NATURAL
2024-05-10,BARRA TRADICIONAL
2024-05-10,VENTRESCA ATUN CLARO
2024-05-10,LIMP. BAÑOS PISTOLA
2024-05-10,MACARRON
2024-05-10,"NEVAL 6X1,5L"
2024-05-10,LECHE SEMI CALCIO
2024-05-10,PLATANO
2025-09-06,ACEITE DE GIRASOL
2025-09-06,HARINA DE TRIGO.
2025-09-06,CAFÉ LECHE CAPPUCCIN
2025-09-06,TOMATE TRITURADO
2025-09-06,FIDEUA CURVA
2025-09-06,BROTES TIERNOS
2025-09-06,MEZCLA 4 QUESOS
2025-09-06,Q RALLADO EMMENTAL
2025-09-06,QUESO BURGOS NATURAL
2025-09-06,3 BOCADILLOS
2025-09-06,FOCACCIA
2025-09-06,CALAMAR PEQUEÑO
2025-09-06,ATUN CLARO OLIVA
2025-09-06,Q SEMI MEZCLA
2025-09-06,Q CREMOSO
2025-09-06,PIÑONES
2025-09-06,BURGER M VA/CE 1000G
2025-09-06,PIZZA FORMAGGI
2025-09-06,ATÚN
2025-09-06,JAMÓN S. S/ADITIVOS
2025-09-06,CEBOLLA 2 KG
2025-09-06,AJO SECO 250 G
2025-09-06,MELON PIEL SAPO
2025-09-06,PIMIENTO ROJO
2025-09-06,PIMIENTO VERDE
2025-09-06,MELOCOTON AMARILLO
2025-09-06,PARAGUAYO
2025-08-11,PAN RALLADO CASERO
2025-08-11,VELA MOSCAS Y MOSQUI
2025-08-11,20 B.GRANDES C FACIL
2025-08-11,GALLETA CARAMELIZADA
2025-08-11,ACEITE DE GIRASOL
2025-08-11,MELÓN ENVASADO
2025-08-11,HORCHATA
2025-08-22,SOLOMILLO MARIN CONG
2025-08-22,RELLENO FAJITAS
2025-08-22,DELICIAS DE POLLO
2025-08-22,BOQUERON EN TEMPURA
2025-08-22,POLLO CRISPY
2025-08-22,MINI BOMBONES 12 UNI
2025-08-22,3 BOCADILLOS
2025-08-22,HELICES VEGETALES
2025-08-22,MEZCLA 4 QUESOS
2025-08-22,Q RALLADO EMMENTAL
2025-08-22,LAVAVAJ. TODO EN
2025-08-22,TORTILLAS MEXICANAS
2025-08-22,FLAUTAS BACON/QUESO
2025-08-22,MAXI HAMBURGUESA
2025-08-22,FOCACCIA
2025-08-22,CINTAS DE BACON
2025-08-22,MERLUZA REBOZADA
2025-08-22,SALCHICHA FRANKFURT
2025-08-22,S.FRANKFURT BOCATA Q
2025-08-22,LECHE SEMI CALCIO
2025-08-22,12 HUEVOS CAMPEROS
2025-08-28,F. PLANCHA/GUISAR
2025-08-28,GAJO RÚSTICA
2025-08-28,Q. LONCHAS LIGHT
2025-08-28,FUET ESPETEC EXTRA
2025-08-28,Q RALLADO EMMENTAL
2025-08-28,MEZCLA 4 QUESOS
2025-08-28,PATATAS LIMON&PIMIEN
2025-08-28,PATATAS EXTRACRUNCH
2025-08-28,CROISSANT CACAO
2025-08-28,MINI SALADAS
2025-08-28,TOMATE PERA
2025-05-02,MAXI HAMBURGUESA
2025-05-02,PAN SEMILLAS
2025-05-02,BARRITA MUESLI CHOCO
2025-05-02,CEREAL CHOCOKRISPIES
2025-05-02,ARROZ INTEGRAL
2025-05-02,ARROZ COCIDO
2025-05-02,FUET ESPETEC EXTRA
2025-05-02,20 B.GRANDES C FACIL
2025-05-02,ALMENDRA NATURAL
2025-05-02,LONGANIZA PASCUA
2025-05-02,3 BOCADILLOS
2025-05-02,ARIEL LIQUIDO TOT
2025-05-02,F. PLANCHA/GUISAR
2025-05-02,F. PLANCHA/GUISAR
2025-05-02,TORTILLAS MEXICANAS
2025-05-02,PECHUGA PAVO 92%
2025-05-02,PAÑUELOS 4 CAP 10X10
2025-05-02,Q. LONCHAS LIGHT
2025-05-02,PILA ALCALINA LR6
2025-05-02,MEZCLA 4 QUESOS
2025-05-02,PAN RALLADO CASERO
2025-05-02,PIZZA FORMAGGI
2025-05-02,KETCHUP
2025-05-02,CREMA CALABAZA
2025-05-02,BURGER VACUNO GRUESA
2025-05-02,PECHUGA FAMILIAR
2025-05-02,LONGANIZA MAGRO FRES
2025-05-02,LECHE SEMI CALCIO
2025-05-03,SPRITE FRESH 2L
2025-05-03,PATATAS CHILI LIMA
2025-05-03,HIERBABUENA 40 GR
2025-05-03,CINTAS DE BACON
2025-05-03,TALLARINES FORMAGGIO
2025-05-03,QUESO RALLADO POLVO
2025-05-03,TINTO VERANO LIMON
2025-05-03,RON BLANCO 700 ML
2025-05-03,CERVEZA EXTRA
2025-05-03,100% INTEGRAL
2025-05-03,ACEITE DE GIRASOL
2025-05-03,PATATAS CHURRERIA
2025-05-03,MANTEQUILLA PAST.SIN
2025-05-03,6 HUEVOS CAMPEROS
2025-05-03,NATA MONTAR
2025-05-06,PAPEL HIGIENICO 4 CA
2025-05-06,ATUN CLARO OLIVA
2025-05-06,SPRAY ROPA LIMPIA
2025-05-06,FIDEUA CURVA
2025-05-06,MACARRON
2025-05-06,SOLOMILLO MARIN CONG
2025-05-06,CHOCO GOTAS FUNDIR
2025-05-06,SNACK PIPAS
2025-05-06,GALLETA CARAMELIZADA
2025-05-06,GRIEGO FRESA X6
2025-05-06,MERLUZA REBOZADA
2025-05-06,LOTE 3 BAYETAS PEQ.
2025-05-06,FILETE DE LUBINA
2025-05-06,MARGARINA
2025-05-06,6 HUEVOS COCIDOS
2025-05-06,GARBANZO M.COCIDO
2025-05-06,LENTEJA PARDINA
2025-05-06,MINI TAQUITOS JAMON
2025-05-06,PIZZA FORMAGGI
2025-05-06,CEBOLLA TIERNA
2025-05-06,GUACAMOLE 500 GR
2025-05-06,BROTES TIERNOS
2025-05-06,ZANAHORIA BOLSA
2025-05-06,CREMA CALABACÍN
2025-05-06,T.CHERRY PERA NEGRO
2025-05-06,CHAMPIÑON PORTOBELLO
2025-05-06,COSTILLA CARNOSA
2025-05-06,ALBONDIGAS 24 UNID.
2025-05-06,Q RALLADO EMMENTAL
2025-05-06,Q CREMOSO
2025-05-06,PATATAS KEBAB
2025-05-06,AJO SECO 250 G
2025-05-06,CEBOLLA TUBO
2025-05-06,LECHE SEMI CALCIO
2025-05-06,"NEVAL 6X1,5L"
2025-05-13,PETIT DE BOLSILLO FR
2025-05-13,GALLETA MINI COOKIES
2025-05-13,CAFÉ LECHE CAPPUCCIN
2025-05-13,LS MAC BOLOÑESA
2025-05-15,GALLETITAS SALADAS
2025-05-15,HELADO MOCHI MANGO
2025-05-15,SUPERSANDWICH NATA
2025-05-15,G. CABRA Y CEBOLLA
2025-05-15,Q. UNTAR SUAVE
2025-05-15,M.CROISS MANTEQUILLA
2025-05-15,MANGO DESHIDRATADO
2025-05-15,ATUN CLARO OLIVA
2025-05-15,LONCHAS DE QUESO
2025-05-15,SALSA FINA KRAFT
2025-05-15,MAIZ
2025-05-15,RED VELVET
2025-05-31,HIGIENICO DOBLE ROLL
2025-05-31,PAN SEMILLAS
2025-05-31,100% INTEGRAL
2025-05-31,NÍSPERO BANDEJA
2025-05-31,HELADOS LIMON
2025-05-31,PECHUGA DE POLLO 92%
2025-05-31,CHORIZO OREADO
2025-05-31,PIZZA FORMAGGI
2025-05-31,FUET ESPETEC EXTRA
2025-05-31,LONGANIZA MAGRO FRES
2025-05-31,MORCILLA CEB. OREADA
2025-05-31,COSTILLA CARNOSA
2025-05-31,CARRILLADA CONGELADA
2025-05-31,ARROZ FALLERA
2025-05-31,TOMATE FRITO CASERO
2025-05-31,T.CHERRY PERA NEGRO
2025-05-31,CERVEZA EXTRA
2025-05-31,CERVEZA EXTRA
2025-05-31,CERV PACK
2025-05-31,PARAGUAYO
2025-05-31,TOMATE ENSALAD
2025-05-31,PIMIENTO ROJO
2025-06-02,PAPEL HIGIÉNICO 4 CA
2025-06-02,GRIEGO NATURAL P-6
2025-06-02,GRIEGO FRESA X6
2025-06-02,Q. LONCHAS LIGHT
2025-06-02,JAMONCITOS DE POLLO
2025-06-02,ALAS ENTERAS
2025-06-02,BURGER M VA/CE 1000G
2025-06-02,CEREAL RELLENO LECHE
2025-06-02,BROTES TIERNOS
2025-06-02,QUESO BURGOS NATURAL
2025-06-02,MEZCLA 4 QUESOS
2025-06-02,CRACKERS
2025-06-02,TORTELLONI CARNE
2025-06-02,GAZPACHO FRESCO
2025-06-02,PECHUGA PAVO 92%
2025-06-02,PIZZA FORMAGGI
2025-06-02,GALL DIGESTIVE CHOCO
2025-06-02,S. HIERBAS PROVENZAL
2025-06-02,SAZONADOR BARBACOA
2025-06-02,MOSTAZA CLÁSICA
2025-06-02,LECHE SEMI CALCIO
2025-06-02,PLATANO
2025-06-21,INSECTICIDA SIN PERF
2025-06-21,AGUA DESTILADA
2025-06-21,GALL DIGESTIVE
2025-06-21,PAN 51% INTEGRAL 5UN
2025-06-21,CEBOLLA 2 KG
2025-06-21,CRACKERS
2025-06-21,PISTACHO TOSTADO SAL
2025-06-21,MEZCLA 4 QUESOS
2025-06-21,NUEZ NATURAL
2025-06-21,JAMÓN SERRANO SOBRE
2025-06-21,ANACARDO NATURAL
2025-06-21,ALMENDRA NATURAL
2025-06-21,ANIS DULCE
2025-06-21,PIMENTÓN DULCE LATA
2025-06-21,PIÑONES
2025-06-21,LOMO EMBUCHADO
2025-06-21,QUESO BURGOS NATURAL
2025-06-21,Q SEMI MEZCLA
2025-06-21,Q CREMOSO
2025-06-21,Q. LONCHAS LIGHT
2025-06-21,Q RALLADO EMMENTAL
2025-06-21,PECHUGA PAVO 92%
2025-06-21,PECHUGA DE POLLO 92%
2025-06-21,PATATA 3 KG
2025-06-21,ATÚN CLARO OLIVA PK6
2025-02-22,GRIEGO LIMÓN
2025-02-22,GRIEGO NATURAL P-6
2025-02-22,ROJA DULCE BOLSA
2025-02-22,RELLENO KEBAB POLLO
2025-02-22,REBUENAS
2025-02-22,LAVAVAJ. TODO EN
2025-02-22,ARÁNDANO 225 GR
2025-02-22,BURGER M VA/CE 1000G
2025-02-22,BACON
2025-02-22,HOJALDRE MANTEQUILLA
2025-02-22,CHORIZO PICANT 4 PAC
2025-02-22,PECHUGA PAVO 92%
2025-02-22,CROISSANT MANTEQ.26%
2025-02-22,PAN QUESO 18%
2025-02-22,INTEGRAL TRIGO50%S/S
2025-02-22,MACARRON
2025-02-22,MAXI HAMBURGUESA
2025-02-22,M.CROISS MANTEQUILLA
2025-02-22,COTTONLIKE SÚPER C/A
2025-02-22,QUESO BURGOS NATURAL
2025-02-22,BROTES TIERNOS
2025-02-22,SALSA FINA KRAFT
2025-02-22,KETCHUP
2025-02-22,CREMA CALABACÍN
2025-02-22,QUESO HAVARTI LIGHT
2025-06-10,ESPARRAGO VERDE TROC
2025-06-10,TEMPURA VERDURAS
2025-06-10,CHULETA AGUJA
2025-06-10,CALAMAR PEQUEÑO
2025-06-10,JAMÓN SERRANO SOBRE
2025-06-10,BURGER VACUNO GRUESA
2025-06-10,Q. LONCHAS LIGHT
2025-06-10,PAÑUELOS 4 CAP 10X10
2025-06-10,GALL DIGESTIVE CHOCO
2025-06-10,TORTILLA PAT C/CEB
2025-06-10,COLA ZERO
2025-06-10,AJOS TIERNOS
2025-06-10,LACTOVIT NUTRITIVO
2025-06-10,PAN 51% INTEGRAL 5UN
2025-06-10,Q CREMOSO
2025-06-10,Q SEMI MEZCLA
2025-06-10,S. HIERBAS PROVENZAL
2025-06-10,REC.AUT.ROPA LIMPIA
2025-06-10,DEO ROLL-ON ALOE
2025-06-10,GAZPACHO FRESCO
2025-06-10,SALSA YOGURT
2025-06-10,ARCOS DENTALES
2025-06-10,PIMIENTO SEMIPICANTE
2025-06-10,PAN VIENA
2025-06-10,MELOCOTON AMARILLO
2025-06-10,PARAGUAYO
2025-02-22,T.CHERRY PERA NEGRO
2025-02-22,PIZZA PROSCIUTTO
2025-02-22,FRESÓN 1 KG.
2025-02-22,PATATA 3 KG
2025-02-22,6 HUEVOS CAMPEROS
2025-02-22,6 HUEVOS COCIDOS
2025-02-22,12 HUEVOS CAMPEROS
2025-02-22,LECHE SEMI CALCIO
2025-02-22,CREMA DE CALABAZA
2025-02-22,CERVEZA EXTRA
2025-02-22,AGUACATE
2025-02-22,PLATANO
2025-03-01,BROTES TIERNOS
2025-03-01,CORAZONES COGOLLO
2025-03-01,PECHUGA PAVO 92%
2025-03-01,MERLUZA REBOZADA
2025-03-01,ARROZ INTEGRAL
2025-03-01,FILETE DE LUBINA
2025-03-01,12 HUEVOS CAMPEROS
2025-03-01,PIZZA PROSCIUTTO
2025-03-01,T.CHERRY PERA NEGRO
2025-03-01,MEZCLA 4 QUESOS
2025-03-01,Q RALLADO EMMENTAL
2025-03-01,GARBANZOS
2025-03-01,ALMENDRA NATURAL
2025-03-01,CRACKERS
2025-03-01,PICATOSTE FRITO
2025-03-01,ANACARDO NATURAL
2025-03-01,PISTACHO TOSTADO SAL
2025-03-01,NUEZ NATURAL
2025-03-01,HARINA DE FUERZA
2025-03-01,PAPEL HIGIENICO 4 CA
2025-03-01,TOM.RECETA ARTESANA
2025-03-01,SPRAY ROPA LIMPIA
2025-03-01,AZUCAR
2025-03-01,FIDEO CABELLO
2025-03-01,ACEITE DE GIRASOL
2025-03-01,PAÑUELOS 4 CAP 10X10
2025-03-01,PLATANO
2025-01-30,BURGER CON QUESO
2025-06-16,RELLENO FAJITAS
2025-06-16,DELICIAS DE POLLO
2025-06-16,PATATAS GAJO
2025-06-16,MERLUZA REBOZADA
2025-06-16,FILETE DE LUBINA
2025-06-16,SOLOMILLO MARIN CONG
2025-06-16,HOJALDRE MANTEQUILLA
2025-06-16,BURGER VACUNO
2025-06-16,CHAMPIÑON PORTOBELLO
2025-06-16,HELICES VEGETALES
2025-06-16,CORAZONES COGOLLO
2025-06-16,20 B.GRANDES C FACIL
2025-06-16,PAN 51% INTEGRAL 5UN
2025-06-16,CHOCOLATE ALMENDRA
2025-06-16,BURGER M VA/CE 1000G
2025-06-16,CEBOLLA TIERNA
2025-06-16,GUACAMOLE 500 GR
2025-06-16,MAXI HAMBURGUESA
2025-06-16,HARINA DE TRIGO.
2025-06-16,ACEITUNA CHUPADEDOS
2025-06-16,GRIEGO NATURAL P-6
2025-06-16,TOMATE FRITO A.OLIVA
2025-06-16,TOM. RECETA ARTESANA
2025-06-16,6 HUEVOS COCIDOS
2025-06-16,QUESO BURGOS NATURAL
2025-06-16,TOM.RECETA ARTESANA
2025-06-16,MEZCLA 4 QUESOS
2025-06-16,GAZPACHO FRESCO
2025-06-16,GAJO RÚSTICA
2025-06-16,Q RALLADO EMMENTAL
2025-06-16,PECHUGA PAVO 92%
2025-06-16,PECHUGA DE POLLO 92%
2025-06-16,JAMÓN SERRANO SOBRE
2025-06-16,PATATAS KEBAB
2025-06-16,TORTILLAS MEXICANAS
2025-06-16,ARIEL LIQUIDO TOT
2025-06-16,ACEITE DE GIRASOL
2025-06-16,PIZZA FORMAGGI
2025-06-16,BERENJENA RAYADA GR
2025-02-25,ARÁNDANO 225 GR
2025-02-25,COCIDO
2025-02-25,CAYENA-GUINDILLAS
2025-02-07,SOLOMILLO MARIN CONG
2025-02-07,CREMA DE CALABAZA
2025-02-07,CREMA CALABACÍN
2025-02-07,PARRILLADA VERDURA A
2025-02-07,GARBANZOS
2025-02-07,TORTELLONI CARNE
2025-02-07,FLAUTAS POLLO/QUESO
2025-02-07,MAXI HAMBURGUESA
2025-02-07,100% INTEGRAL
2025-02-07,MARGARINA
2025-02-07,5 BOCADILLOS
2025-02-07,TORTILLAS MEXICANAS
2025-02-07,PAN SEMILLAS
2025-02-07,CHORIZO PICANT 4 PAC
2025-02-07,LACTOVIT NUTRITIVO
2025-02-07,LOMO EMBUCHADO 4PACK
2025-02-07,PECHUGUITA POLLO ASA
2025-02-07,PELOTAS COCIDO
2025-02-07,PECHUGA PAVO 92%
2025-02-07,BURGER VACUNO GRUESA
2025-02-07,ARREGLO PUCHERO
2025-02-07,CUARTO CERTIFICADO
2025-02-07,CHAMPIÑON PORTOBELLO
2025-02-07,12 HUEVOS CAMPEROS
2025-06-21,LONCHAS DE QUESO
2025-06-25,GRIEGO BICAPA FRESA
2025-06-25,CAFÉ GRANIZADO PACK
2025-06-25,HORCHATA FRESCA
2025-06-25,LECHE SABOR CANELA
2025-06-25,LAVAVAJ. TODO EN
2025-06-25,CEBOLLA TUBO
2025-06-25,ABRILLANTADOR LAVAV.
2025-06-25,SANDÍA PARTIDA B/S
2025-06-25,FARTONS
2025-06-25,SALSA YOGURT
2025-06-25,FARTONS
2025-06-25,CEREZA 1 KG
2025-06-25,ALMENDRA NATURAL
2025-06-25,NUEZ NATURAL
2025-06-25,PISTACHO TOSTADO SAL
2025-06-25,SALADITOS
2025-06-25,ANACARDO NATURAL
2025-06-25,12 HUEVOS CAMPEROS
2025-06-25,F. PLANCHA/GUISAR
2025-06-25,ALAS ENTERAS
2025-06-25,QUINOA BLANCA/ROJA
2025-06-25,GUACAMOLE 200 G
2025-06-25,PIPA GIGANTE SAL
2025-06-25,PECHUGA PAVO 92%
2025-06-25,ZANAHORIA BOLSA
2025-06-25,BURGER M VACUN 1000G
2025-06-25,Q. LONCHAS LIGHT
2025-06-25,TORTILLAS MEXICANAS
2025-06-25,ATÚN CLARO OLIVA PK6
2025-06-25,PIMIENTO SEMIPICANTE
2025-06-25,SALCHICHA FRANKFURT
2025-06-25,6 HUEVOS COCIDOS
2025-06-25,MEZCLA 4 QUESOS
2025-06-25,ARROZ FALLERA
2025-06-25,TORTILLA PAT C/CEB
2025-06-25,PARAGUAYO
2025-06-25,CALABACIN VERDE
2025-06-25,BERENJENA
2025-07-02,ALAS ENTERAS
2025-07-02,CHAMPIÑON PORTOBELLO
2025-07-02,FARTONS
2025-07-02,GOFRE CHOCOLATE
2025-07-02,PRINGLES ORIGINAL
2025-07-02,CEBOLLA TIERNA
2025-07-02,ANITINES TOM/OREGANO
2025-07-02,BROTES TIERNOS
2025-07-03,PATATAS KEBAB
2025-07-03,PIZZA FORMAGGI
2025-07-03,GRANIZADO LIMÓN
2025-07-03,MEZCLA 4 QUESOS
2025-07-03,HORCHATA FRESCA
2025-07-03,Q. LONCHAS LIGHT
2025-07-03,JAMÓN SERRANO SOBRE
2025-07-03,PECHUGA DE POLLO 92%
2025-07-03,PECHUGA PAVO 92%
2025-07-03,QUESO BURGOS NATURAL
2025-07-03,ESP. CORTO DELGADO
2025-07-03,GAZPACHO FRESCO
2025-07-03,LECHE SABOR CANELA
2025-07-03,BENTO MIX
2025-07-03,PECHUGA FAMILIAR
2025-07-03,T.CHERRY PERA NEGRO
2025-07-03,LOMO EMBUCHADO
2025-07-03,TOM.RECETA ARTESANA
2025-07-03,MELOCOTÓN BANDEJA
2025-07-03,TOM. RECETA ARTESANA
2025-07-03,SANDÍA PARTIDA B/S
2025-07-03,PARAGUAYO
2025-07-19,ALAS ENTERAS
2025-07-19,JAMONCITOS DE POLLO
2025-07-19,COLAS GAMBÓN PELADAS
2025-07-19,GAMBA PELADA CRUDA
2025-07-19,BURGER VACUNO
2025-07-19,JAMÓN S. S/ADITIVOS
2025-07-19,GAZPACHO FRESCO
2025-07-19,PECHUGA PAVO 92%
2025-07-19,PECHUGA DE POLLO 92%
2025-07-19,COLA RAPE
2025-07-19,COLA RAPE
2025-07-19,ALMEJA PACIFIC
2025-07-19,Q RALLADO EMMENTAL
2025-07-19,MEZCLA 4 QUESOS
2025-07-19,ACTIVADOR R BLANCA
2025-07-19,SAZONADOR PAELLA
2025-07-19,Q BURGOS NATURAL X4
2025-07-19,Q. LONCHAS LIGHT
2025-07-19,DISUELVEMANCHAS
2025-07-19,ACTIVADOR R COLOR
2025-07-19,GALL DIGESTIVE
2025-07-19,TOALL.BEBE FRESC.80
2025-07-19,BROTES TIERNOS
2025-07-19,T.CHERRY PERA NEGRO
2025-07-19,CORAZONES COGOLLO
2025-07-19,CALAMAR PEQUEÑO
2025-07-19,SALMÓN AHUMADO
2025-07-19,BOQUERONES AL VINAGR
2025-07-19,ZANAHORIA BOLSA
2025-07-19,PIZZA FORMAGGI
2025-07-19,PAN 51% INTEGRAL 5UN
2025-07-19,Q CREMOSO
2025-07-19,Q SEMI MEZCLA
2025-07-19,CHAMPIÑON BANDEJA P
2025-07-19,CEREZA
2025-07-19,PARAGUAYO BANDEJA
2025-07-19,TOMATE ROSA
2025-07-19,BERENJENA RAYADA GR
2025-07-19,TOMATE RAMA
2025-07-19,CALABACIN VERDE
2025-07-23,MELÓN ENVASADO
2025-07-23,CINTAS DE BACON
2025-07-23,12 HUEVOS CAMPEROS
2025-07-05,MAYONESA HELLMANN¿S
2025-07-05,ACEITUNA R/JALAPEÑO
2025-07-05,TOM.RECETA ARTESANA
2025-07-05,JABON TIERNOS RECUER
2025-07-05,NATA PARA COCINAR
2025-07-05,PAN 51% INTEGRAL 5UN
2025-07-05,JAMÓN COCIDO 92%
2025-07-05,HOJALDRE MANTEQUILLA
2025-07-05,FUET ESPETEC EXTRA
2025-07-05,PATATAS BARBACOA
2025-07-05,ALAS ENTERAS
2025-07-05,LONGANIZA MAGRO FRES
2025-07-05,BLOC PATO
2025-07-05,CEBOLLA TIERNA
2025-07-05,Q CREMOSO
2025-07-05,Q SEMI MEZCLA
2025-07-05,MANTEQUILLA PAST.SIN
2025-07-05,PATATAS CAMPESTRES
2025-07-05,PATATA 3 KG
2025-07-05,BONITO NORTE A.OLIVA
2025-07-29,MARGARINA
2025-07-29,BROTES TIERNOS
2025-07-29,GRIEGO NATURAL P-6
2025-07-29,20 B.GRANDES C FACIL
2025-07-29,PATATA MALLA 2 KG
2025-07-29,CEBOLLA TIERNA
2025-07-29,LECHE SABOR CANELA
2025-07-29,CORAZONES COGOLLO
2025-07-29,ZANAHORIA BOLSA
2025-07-29,MEDIO SALMÓN
2025-07-29,MINI 6
2025-07-29,6 HUEVOS COCIDOS
2025-07-29,3 BOCADILLOS
2025-07-29,CEBOLLA TUBO
2025-07-29,"NEVAL 1,5L"
2025-07-29,CHAMPIÑON PORTOBELLO
2025-07-29,PINCHO SIN VARILLA
2025-07-29,BURGER M VACUN 1000G
2025-07-29,MEZCLA 4 QUESOS
2025-07-29,Q. LONCHAS LIGHT
2025-07-29,Q RALLADO EMMENTAL
2025-07-29,T.CHERRY PERA NEGRO
2025-07-29,PARAGUAYO BANDEJA
2025-07-29,PECHUGA PAVO 92%
2025-07-29,PECHUGA DE POLLO 92%
2025-07-29,JAMÓN S. S/ADITIVOS
2025-07-29,PISTACHO TOSTADO SAL
2025-07-29,45 BOLSAS DOGGYBAG
2025-07-29,POLLO REB GRANDE
2025-07-29,MELOCOTÓN BANDEJA
2025-07-29,AGUA SIN GAS FRIO
2025-07-29,LASAÑA PRECOCIDA
2025-07-29,QUESO BURGOS NATURAL
2025-07-29,PEPINILLO AG GRANDE
2025-07-29,ESP. CORTO DELGADO
2025-07-29,GARBANZO M.COCIDO
2025-07-29,ANACARDO NATURAL
2025-07-29,ALMENDRA NATURAL
2025-07-29,TOMATE TRITURADO
2025-07-29,PIMIENTO ROJO
2025-07-29,PERA ERCOLINA
2025-07-29,MELON PIEL SAPO
2025-05-10,COTTONLIKE SÚPER C/A
2025-05-17,COLA 2 L.
2025-05-17,LIMÓN NORMAL 2L
2025-05-17,GIN EXOTIC
2025-05-17,LICOR CREMA
2025-05-17,SPRITE FRESH LATA
2025-05-17,LIMON SIN AZUCAR
2025-05-17,LOMO ADOBADO
2025-05-17,PLATANO MACHO
2025-06-07,DELICIAS DE POLLO
2025-06-07,MOLDE REDONDO
2025-06-07,4 RECIPIENTES RECT.
2025-06-07,PAN SEMILLAS
2025-06-07,BATIDO CACAO ENERGY
2025-06-07,GRIEGO NATURAL P-6
2025-06-07,PATATAS EXTRACRUNCH
2025-06-07,SIROPE DE AGAVE
2025-06-07,MERLUZA REBOZADA
2025-06-07,MACARRON
2025-06-07,MEZCLA 4 QUESOS
2025-06-07,TOMATE TROCEADO
2025-06-07,PISTACHO TOSTADO SAL
2025-06-07,3 BOCADILLOS
2025-06-07,100% INTEGRAL
2025-06-07,COSTILLA CHURRASCO
2025-06-07,ALMENDRA NATURAL
2025-06-07,ANACARDO NATURAL
2025-06-07,ESPÁRRAGO CORTO
2025-06-07,NUEZ NATURAL
2025-06-07,SPAGHETTI
2025-06-07,BROTES TIERNOS
2025-06-07,12 HUEVOS CAMPEROS
2025-06-07,6 HUEVOS COCIDOS
2025-06-07,CORAZONES COGOLLO
2025-06-07,Q SEMI MEZCLA
2025-06-07,Q CREMOSO
2025-06-07,PECHUGA DE POLLO 92%
2025-06-07,LONGANIZA MAGRO FRES
2025-06-07,ARROZ INTEGRAL
2025-06-07,T.CHERRY PERA NEGRO
2025-06-07,CHAMPIÑON PORTOBELLO
2025-06-07,SALMÓN AHUMADO
2025-06-07,PIZZA FORMAGGI
2025-06-07,GAZPACHO FRESCO
2025-06-07,BARRITA CHOCO LECHE
2025-06-07,Q. LONCHAS LIGHT
2025-06-07,ARROZ COCIDO
2025-06-07,ATUN CLARO OLIVA
2025-06-07,BONITO NORTE A.OLIVA
2025-06-07,HELICES VEGETALES
2025-06-07,BURGER M VA/CE 1000G
2025-06-07,ATUN CLARO NATURAL
2025-06-07,ZANAHORIA BOLSA
2025-06-07,SOLOMILLO MARIN CONG
2025-06-07,FUET ESPETEC EXTRA
2025-06-07,JAMÓN SERRANO SOBRE
2025-06-07,CEBOLLA TUBO
2025-06-07,NÍSPERO BANDEJA
2025-06-07,CEBOLLA TIERNA
2025-06-07,LECHE SEMI CALCIO
2025-06-07,MELOCOTON AMARILLO
2025-06-07,CALABACIN VERDE
2025-06-07,BERENJENA RAYADA GR
2025-06-07,PARAGUAYO
2025-06-26,PIZZA FORMAGGI
2025-06-30,PIZZA DEEP AMERICANA
2025-06-30,PIZZA TRUFFATA
2025-06-30,PIZZA BBQ M.FINA
2025-06-30,PIZZA DEEP PEPPERONI
2025-06-30,POLLO CRISPY
2025-06-30,DELICIAS DE POLLO
2025-06-30,RELLENO KEBAB POLLO
2025-06-30,TEQUEÑOS DE QUESO
2025-06-30,BEBER FRESA-P
2025-06-30,HORCHATA FRESCA
2025-06-30,12 HUEVOS CAMPEROS
2025-06-30,LECHE SABOR CANELA
2025-06-30,BURGER VACUNO GRUESA
2025-06-30,ESCALOPÍN CORDERO
2025-06-30,MAXI HAMBURGUESA
2025-06-30,BROTES TIERNOS
2025-06-30,CINTAS DE BACON
2025-06-30,ALAS ENTERAS
2025-06-30,6 HUEVOS COCIDOS
2025-06-30,PIZZA FORMAGGI
2025-06-30,GALL DIGESTIVE CHOCO
2025-06-30,CEREZA 1 KG
2025-06-30,SALSA YOGURT
2025-06-30,GAZPACHO FRESCO
2025-06-30,SALCHICHA FRANKFURT
2025-06-30,S.FRANKFURT BOCATA Q
2025-06-17,LIMÓN NORMAL 2L
2025-06-17,GIN EXOTIC
2025-06-17,PATATAS EXTRACRUNCH
2025-05-28,LECHE SEMI P6
2025-05-28,C. COCIDO 100% NAT
2025-05-28,NATA PARA COCINAR
2025-05-28,TOMATE FRITO A.OLIVA
2025-05-28,CAPSULA CAFE C/LECHE
2025-05-28,TOM. RECETA ARTESANA
2025-05-28,FUMET DE PESCADO
2025-05-28,LECHE SEMI CALCIO
2025-05-28,TOM.RECETA ARTESANA
2025-05-28,TOMATE TROCEADO
2025-05-28,BANDAS DEPIL FACIAL
2025-05-28,3 BOCADILLOS
2025-05-28,PECHUGA FAMILIAR
2025-05-28,TORTILLAS MEXICANAS
2025-05-28,TORTILLA TRIGO 6 UN
2025-05-28,ALCACHOFA CORTADA
2025-05-28,JUDIA REDONDA TROCEA
2025-05-28,ARREGLO PUCHERO
2025-05-28,PELOTAS COCIDO
2025-05-28,PEPPERONI
2025-05-28,PIZZA FORMAGGI
2025-05-28,JAMÓN SERRANO SOBRE
2025-05-28,PECHUGA DE POLLO 92%
2025-05-28,ALBONDIGAS 24 UNID.
2025-05-28,NÍSPERO BANDEJA
2025-05-28,DEO ROLL-ON ALOE
2025-05-28,GUACAMOLE 500 GR
2025-05-28,ARROZ FALLERA
2025-05-28,12 HUEVOS CAMPEROS
2025-05-28,ZANAHORIA BOLSA
2025-05-28,TORTELLONI CARNE
2025-05-28,SALMÓN AHUMADO
2025-05-28,CORAZONES COGOLLO
2025-05-28,BROTES TIERNOS
2025-05-28,CEBOLLA TUBO
2025-05-28,Q SEMI MEZCLA
2025-05-28,GAJO RÚSTICA
2025-05-28,6 HUEVOS COCIDOS
2025-05-28,Q CREMOSO
2025-05-28,COCIDO
2025-05-28,SALSA YOGURT
2025-05-28,T.CHERRY PERA NEGRO
2025-05-28,ARÁNDANO 500 GR
2025-05-28,PATATA 3 KG
2025-05-28,PARAGUAYO
2025-05-28,PLATANO
2025-06-19,NACHOS
2025-06-19,SALSA MEXICANA
2025-06-19,SALSA DE QUESO
2025-06-19,CHILI CON CARNE
2025-06-19,TORTILLAS MEXICANAS
2025-06-19,PECHUGA 2 UND
2025-06-19,FILETE PLANCHA
2025-06-19,PIMIENTO ROJO
2025-07-16,PECH EMPANADA S/G
2025-07-16,QUESO RALLADO POLVO
2025-07-16,PATATAS EXTRACRUNCH
2025-07-16,TEQUEÑOS DE QUESO
2025-07-16,LECHE SABOR CANELA
2025-07-16,MAC-CHEESE
2025-07-16,PURE DE PATATAS
2025-07-16,COCKTAIL CRUNCHY
2025-07-16,PATATA QUESO/CEBOLLA
2025-07-16,PIZZA 4 QUESOS
2025-07-05,CHAMPIÑON BANDEJA P
2025-07-05,12 HUEVOS CAMPEROS
2025-07-05,TORTILLA PAT C/CEB
2025-07-05,Q. LONCHAS CREMOSO
2025-07-05,CERV PACK
2025-07-05,PIMIENTO SEMIPICANTE
2025-07-23,LEJIA CON DETERGENTE
2025-07-23,SOLOMILLO MARIN CONG
2025-07-23,LECHE SABOR CANELA
2025-07-23,MACARRON
2025-07-23,HORCHATA FRESCA
2025-07-23,TOMATE TRITURADO
2025-07-23,TOMATE TROCEADO
2025-07-23,TOM.RECETA ARTESANA
2025-07-23,SIROPE DE AGAVE
2025-07-23,TOMATE FRITO CASERO
2025-07-23,ARROZ FALLERA
2025-07-23,TOM. RECETA ARTESANA
2025-07-23,CALDO PESCADO 12 P.
2025-07-23,MAXI HAMBURGUESA
2025-07-23,CRACKERS
2025-07-23,PAN 51% INTEGRAL 5UN
2025-07-23,GUACAMOLE 500 GR
2025-07-23,ATUN CLARO OLIVA
2025-07-23,CEBOLLA TUBO
2025-07-23,Q. LONCHAS LIGHT
2025-07-23,PECHUGA DE POLLO 92%
2025-07-23,PECHUGA PAVO 92%
2025-07-23,PATATA MALLA 2 KG
2025-07-23,JAMÓN S. S/ADITIVOS
2025-07-23,CEREZA
2025-07-23,LECHE SEMI CALCIO
2025-07-23,MELON PIEL SAPO
2025-07-23,PARKING
2025-05-10,PIZZA DEEP PEPPERONI
2025-05-10,PIZZA DEEP AMERICANA
2025-05-10,DELICIAS DE POLLO
2025-05-10,POLLO CRISPY
2025-05-10,QUINOA BLANCA/ROJA
2025-05-10,PATATAS CHURRERIA
2025-05-10,GARBANZOS
2025-05-10,PICATOSTE FRITO
2025-05-10,CREMA CALABACÍN
2025-05-10,ESPARRAGO VERDE TROC
2025-05-10,AJOS TIERNOS
2025-05-10,ALCACHOFA CORTADA
2025-05-10,FUET ESPETEC EXTRA
2025-05-10,RELLENO KEBAB POLLO
2025-05-10,CREMA VERDURAS
2025-05-10,LOMO EMBUCHADO
2025-05-10,Q RALLADO EMMENTAL
2025-05-10,AZAFRAN MOLIDO
2025-05-10,BOLSAS ZIP 1L
2025-05-10,GALLETA TOSTA-RICA
2025-05-10,BOLSAS ZIP 5L
2025-05-10,PAN SEMILLAS
2025-05-10,BEBER FRESA-P
2025-05-10,SALSA FINA KRAFT
2025-05-10,ATUN CLARO NATURAL
2025-05-10,QUESO BURGOS NATURAL
2025-05-10,BERBERECHOS M 45/65
2025-05-10,MEJILLÓN NATURAL
2025-05-10,BURGER VACUNO CERDO
2025-05-10,3 BOCADILLOS
2025-05-10,PECHUGUITA POLLO ASA
2025-05-10,PECHUGA DE POLLO 92%
2025-05-10,PECHUGA PAVO 92%
2025-05-10,LONGANIZA PASCUA
2025-05-10,MEZCLA 4 QUESOS
2025-05-10,Q. LONCHAS LIGHT
2025-05-10,PIZZA FORMAGGI
2025-05-10,C. COCIDO 100% NAT
2025-05-10,CREMA CALABAZA
2025-05-10,COL LOMBARDA
2025-05-10,PIMIENTO ROJO
2025-06-10,TINTO LA CASERA
2025-06-10,PATATAS CHILI LIMA
2025-06-10,COCKTAIL CRUNCHY
2025-06-10,ACEITUNA R/JALAPEÑO
2025-06-10,CIDER MANZANA MINI
2025-01-30,PETIT DE BOLSILLO FR
2025-01-30,SURTIDO DULCES
2025-02-18,LECHE SEMI CALCIO
2025-02-18,5 BOCADILLOS
2025-02-18,PAN SEMILLAS
2025-02-18,100% INTEGRAL
2025-02-18,Q RALLADO EMMENTAL
2025-02-18,MEZCLA 4 QUESOS
2025-02-18,PAPEL HIGIENICO 4 CA
2025-02-18,CHOCOLATE PURO
2025-02-18,CAPSULA CAFE C/LECHE
2025-02-18,ACTIVADOR R COLOR
2025-02-18,ARIEL LIQUIDO TOT
2025-02-18,LOTE 3 BAYETAS PEQ.
2025-02-18,REBUENAS
2025-02-18,PIZZA PROSCIUTTO
2025-02-18,PAN RALLADO CASERO
2025-02-18,CEREAL RELLENO LECHE
2025-02-18,NUEZ NATURAL
2025-02-18,PISTACHO TOSTADO SAL
2025-02-18,PINCHO SIN VARILLA
2025-02-18,PINCHO SIN VARILLA
2025-02-18,GALLETA CARAMELIZADA
2025-02-18,TORTILLA TRIGO 6 UN
2025-02-18,PICATOSTE FRITO
2025-02-18,PECHUGA PAVO 92%
2025-02-18,PECHUGUITA POLLO ASA
2025-02-18,GUACAMOLE 200 G
2025-02-18,SALSA YOGURT
2025-02-18,MANTEQUILLA PAST.SIN
2025-02-18,Q SEMI MEZCLA
2025-02-18,MANDARINA HOJA
2025-02-18,12 HUEVOS CAMPEROS
2025-02-18,NATA PARA COCINAR
2025-02-18,MUSLO DESHUESADO
2025-02-18,CREMA VERDURAS
2025-02-18,RICOTTA
2025-02-18,CHOCO GOTAS FUNDIR
2025-02-18,CREMA CALABAZA
2025-02-26,PETIT DE BOLSILLO FR
2025-02-26,BURGER CON QUESO
2025-04-07,PAPEL HIGIENICO 4 CA
2025-04-07,PAÑUELO CAJA
2025-04-07,CRACKERS
2025-04-07,LONGANIZA DE PAYES
2025-04-07,GRIEGO NATURAL P-6
2025-04-07,GRIEGO FRESA X6
2025-04-07,CREMA VERDURAS
2025-04-07,MANTEQUILLA PAST.SIN
2025-04-07,CEREAL RELLENO LECHE
2025-04-07,CREMA CALABACÍN
2025-04-07,CHAMPIÑON BANDEJA P
2025-06-30,TORTILLAS MEXICANAS
2025-06-30,CORAZONES COGOLLO
2025-06-30,T.CHERRY 500 GR
2025-06-30,NATA PARA COCINAR
2025-06-30,CEBOLLA CRUJIENTE
2025-06-30,GAJO RÚSTICA
2025-06-30,GUACAMOLE 500 GR
2025-06-30,SANDÍA PARTIDA B/S
2025-06-30,LECHE SEMI CALCIO
2025-02-07,QUESO BURGOS ENTERO
2025-02-07,REBUENAS
2025-02-07,CLARA LIQUIDA PASTEU
2025-02-07,TOMATE FRITO A.OLIVA
2025-02-07,TOMATE TRITURADO
2025-02-07,PIZZA PROSCIUTTO
2025-02-07,REC.AUT.ROPA LIMPIA
2025-02-07,BROTES TIERNOS
2025-02-07,ARROZ INTEGRAL
2025-02-07,CEREAL RELLENO LECHE
2025-02-07,ARÁNDANO 225 GR
2025-02-07,TOMATE CONCENTRADO
2025-02-07,CEBOLLA TIERNA
2025-02-07,TOMATE FRITO CASERO
2025-02-07,T.CHERRY PERA NEGRO
2025-02-07,COCIDO
2025-02-07,GUACAMOLE 200 G
2025-02-07,CORAZONES COGOLLO
2025-02-07,Q SEMI MEZCLA
2025-02-07,Q VIEJO TOSTADO
2025-02-07,PATATA MALLA 2 KG
2025-02-07,RICOTTA
2025-02-07,AJO SECO 250 G
2025-02-07,CEBOLLA TUBO
2025-02-07,LECHE SEMI CALCIO
2025-02-07,AGUACATE
2025-02-07,BROCOLI
2025-02-07,KIWI VERDE
2025-02-07,COL LOMBARDA
2025-02-27,"NEVAL 1,5L"
2025-02-27,LS SPAGHETTI CARB.
2025-03-10,DELICIAS DE POLLO
2025-03-10,ALAS ENTERAS
2025-03-10,PINCHO SIN VARILLA
2025-03-10,PINCHO SIN VARILLA
2025-03-10,PIZZA PROSCIUTTO
2025-03-10,PATATAS KEBAB
2025-03-10,S. HIERBAS PROVENZAL
2025-03-10,SAZONADOR BARBACOA
2025-03-10,LECHE SEMI P6
2025-03-10,CORAZONES COGOLLO
2025-03-10,ZANAHORIA BOLSA
2025-03-10,BROTES TIERNOS
2025-03-10,CHOCOLATE PURO
2025-03-10,CREMA VERDURAS
2025-03-10,CREMA CALABACÍN
2025-03-10,T.CHERRY PERA NEGRO
2025-03-10,GALL DIGESTIVE CHOCO
2025-03-10,CHOCO GOTAS FUNDIR
2025-04-07,CRUNCHY CHOC
2025-04-07,ALAS ENTERAS
2025-04-07,FILETE PLANCHA
2025-04-07,FILETE PLANCHA
2025-04-07,JAMONCITOS DE POLLO
2025-04-07,TOMATE TROCEADO
2025-04-07,TOM.RECETA ARTESANA
2025-04-07,LECHE SEMI CALCIO
2025-07-16,PIZZA BARBACOA/BACON
2025-07-16,PIZZA CARNÍVORA
2025-07-16,COTTONLIKE SÚPER C/A
2025-07-16,DEO ROLL-ON ALOE
2025-07-16,ACEITUNA R/PIMIENTO
2025-07-16,HORCHATA FRESCA
2025-07-26,ALCACHOFA CORTADA
2025-07-26,POLLO CRISPY
2025-07-26,AJOS TIERNOS
2025-07-26,HABITAS MUY TIERNAS
2025-07-26,MAIZ
2025-07-26,SALTEADO DE GAMBAS
2025-07-26,DELICIAS DE POLLO
2025-07-26,FILETE DE LUBINA
2025-07-26,BROTES TIERNOS
2025-07-26,PIZZA FORMAGGI
2025-07-26,MERLUZA REBOZADA
2025-07-26,FUET ESPETEC EXTRA
2025-07-26,TORTILLAS MEXICANAS
2025-07-26,PATATAS EXTRACRUNCH
2025-07-26,KETCHUP
2025-07-26,JAMÓN S. S/ADITIVOS
2025-07-26,CAFÉ LECHE CAPPUCCIN
2025-07-26,ACEITUNA R/JALAPEÑO
2025-07-26,C. COCIDO 100% NAT
2025-07-26,ACEITUNA CHUPADEDOS
2025-07-26,MINI 6
2025-07-26,COSTILLA CARNOSA
2025-07-26,BURGER M VACUN 1000G
2025-07-26,Q SEMI MEZCLA
2025-07-26,Q CREMOSO
2025-07-26,CHAMPIÑON PORTOBELLO
2025-07-26,CRISTALES MULTIUSOS
2025-07-26,PIMIENTO SEMIPICANTE
2025-07-26,ESP VERDE FINO
2025-07-26,AZAFRAN MOLIDO
2025-07-26,SALMÓN AHUMADO
2025-07-26,CALABACIN VERDE
2025-07-26,BERENJENA
2025-01-04,PAÑUELOS 4 CAP 10X10
2025-01-04,LAVAVAJ. TODO EN
2025-01-04,NATA PARA COCINAR
2025-01-04,ABRILLANTADOR LAVAV.
2025-01-04,BEBER FRESA-PLATANO
2025-01-04,12 HUEVOS CAMPEROS
2025-01-04,JABON TIERNOS RECUER
2025-01-04,CHAMPIÑON PORTOBELLO
2025-01-04,LEVADURA FRESCA
2025-01-04,CREMA CORPORAL OLIVA
2025-01-04,CEBOLLA TIERNA
2025-01-04,NARANJA MALLA 3 KG
2025-01-04,ALMENDRA PALITADA
2025-01-04,ALPRO NAT SOJA COCO
2025-01-04,MANTEQUILLA PAST.SIN
2025-01-04,REC.AUT.ROPA LIMPIA
2025-01-04,MAXI HAMBURGUESA
2025-01-04,+ PROTEÍNA ARANDANOS
2025-01-04,NATA MONTAR
2025-01-04,HARINA DE FUERZA
2025-01-04,MACARRON
2025-01-04,ARROZ FALLERA
2025-01-04,HELICES VEGETALES
2025-01-04,BROTES TIERNOS
2025-01-04,T.CHERRY PERA NEGRO
2025-01-04,SOLOMILLO MARIN CONG
2025-01-04,DELICIAS DE POLLO
2025-01-04,CORAZONES COGOLLO
2025-01-04,TOMATE FRITO A.OLIVA
2025-01-04,TOM. RECETA ARTESANA
2025-01-04,TOM.RECETA ARTESANA
2025-01-04,BURGER VACUNO GRUESA
2025-01-04,ALAS ENTERAS
2025-01-04,ALMENDRA NATURAL
2025-01-04,COSTILLA CARNOSA
2025-01-04,PIPA GIGANTE SAL
2025-01-04,ANACARDO NATURAL
2025-01-04,NUEZ NATURAL
2025-01-04,SALSA COCKTAIL 460ML
2025-01-04,TOMATE TRITURADO
2025-01-04,QUESO HAVARTI LIGHT
2025-01-04,LOMO ASADO LONCHAS
2025-01-04,PECHUGUITA POLLO ASA
2025-01-04,PECHUGA PAVO 92%
2025-01-04,AZAFRAN MOLIDO
2025-01-04,RICOTTA
2025-01-04,S.FRANKFURT BOCATA Q
2025-01-04,LOMO EMBUCHADO 4PACK
2025-01-04,PIZZA PROSCIUTTO
2025-01-04,SALCHICHA FRANKFURT
2025-01-04,SALCHICHAS BOCADILLO
2025-01-04,C. COCIDO 100% NAT
2025-01-04,PAPEL HIGIENICO 4 CA
2025-01-04,LECHE SEMI CALCIO
2025-01-04,PIMIENTO ROJO
2025-01-10,AGUA SIN GAS FRIO
2025-01-10,LS SPAGHETTI CARB.
2025-01-18,5 BOCADILLOS
2025-01-18,LECHE SEMI CALCIO
2025-01-18,"NEVAL 6X1,5L"
2025-01-18,LIMPIADOR DESINFECTA
2025-01-18,MAXI HAMBURGUESA
2025-01-18,100% INTEGRAL FINO
2025-01-18,PAN SEMILLAS
2025-01-18,PATATAS CHURRERIA
2025-01-18,CRACKERS
2025-01-18,GUACAMOLE 200 G
2025-01-18,100% INTEGRAL
2025-01-18,NUGGETS SALMON
2025-01-18,ZANAHORIA BOLSA
2025-01-18,T.CHERRY PERA NEGRO
2025-01-18,CORAZONES COGOLLO
2025-01-18,Q RALLADO EMMENTAL
2025-01-18,ALAS ENTERAS
2025-01-18,BURGER VACUNO GRUESA
2025-01-18,BURGER M VA/CE 1000G
2025-01-18,FUMET DE PESCADO
2025-01-18,PECHUGA PAVO 92%
2025-01-18,PECHUGUITA POLLO ASA
2025-01-18,MEZCLA 4 QUESOS
2025-01-18,REBUENAS
2025-01-18,TOMATE TRITURADO
2025-01-18,ALMEJA PACIFIC
2025-01-18,CALAMAR PEQUEÑO
2025-01-18,CEREAL RELLENO LECHE
2025-01-18,GAMBA PELADA CRUDA
2025-01-18,QUESO BURGOS ENTERO
2025-01-18,TOM.RECETA ARTESANA
2025-01-18,ACEITUNA R/JALAPEÑO
2025-01-18,RICOTTA
2025-01-18,ROLLO HOGAR DOBLE
2025-01-18,QUESO HAVARTI LIGHT
2025-01-18,BEBER FRESA-PLATANO
2025-01-18,ATÚN
2025-01-18,GALLETA TOSTA-RICA
2025-01-18,PICATOSTE FRITO
2025-01-18,BOLSA RAFIA
2025-01-18,PIMIENTO ROJO
2025-01-18,BERENJENA
2025-01-18,CALABACIN VERDE
2025-01-18,PLATANO
2025-01-08,PETIT DE BOLSILLO FR
2025-01-08,LS SPAGHETTI CARB.
2025-02-19,LS SPAGHETTI CARB.
2025-02-19,PETIT DE BOLSILLO FR
2025-01-27,PIZZA PROSCIUTTO
2025-01-27,BONITO MIGAS OLIV P3
2025-01-27,BONITO NORTE A.OLIVA
2025-01-27,GARBANZOS
2025-01-27,TEMPURA VERDURAS
2025-01-27,ATÚN CLARO OLIVA PK6
2025-01-27,SALTEADO VERD. ASADA
2025-01-27,TORTITAS ARROZ YOGUR
2025-01-27,ARROZ INTEGRAL
2025-01-27,ARROZ FALLERA
2025-01-27,ALMENDRA NATURAL
2025-01-27,PICATOSTE FRITO
2025-01-27,5 BOCADILLOS
2025-01-27,BROTES TIERNOS
2025-01-27,T.CHERRY PERA NEGRO
2025-01-27,100% INTEGRAL
2025-01-27,PAN SEMILLAS
2025-01-27,MANDARINA HOJA
2025-01-27,LOMO EMBUCHADO 4PACK
2025-01-27,CHORIZO PICANT 4 PAC
2025-01-27,BURGER VACUNO
2025-01-27,CREMA DE CALABAZA
2025-01-27,CREMA CALABACÍN
2025-01-27,CREMA VERDURAS
2025-01-27,AJO GRANULADO
2025-01-27,SALMÓN AHUMADO
2025-01-27,CALDO VERDURAS 12 P.
2025-01-27,FILETE DE LUBINA
2025-01-27,FILETE DE SALMON
2025-01-27,PECHUGUITA POLLO ASA
2025-01-27,PECHUGA PAVO 92%
2025-01-27,6 HUEVOS COCIDOS
2025-01-27,6 HUEVOS CAMPEROS
2025-01-27,MEZCLA 4 QUESOS
2025-01-27,Q RALLADO EMMENTAL
2025-01-27,QUESO HAVARTI LIGHT
2025-01-27,12 HUEVOS CAMPEROS
2025-01-27,LECHE SEMI P6
2025-01-27,SOLOMILLO MARIN CONG
2025-01-27,RICOTTA
2025-01-27,BEBER FRESA-P
2025-01-27,SALCHICHAS BOCADILLO
2025-01-27,S.FRANKFURT BOCATA Q
2025-01-27,SALCHICHA FRANKFURT
2025-01-27,LONGANIZA MAGRO FRES
2025-01-27,CEREAL RELLENO LECHE
2025-01-27,BURGER VACUNO GRUESA
2025-01-27,LOMO ADOBADO
2025-01-27,REBUENAS
2025-01-27,Q SEMI MEZCLA
2025-01-27,Q VIEJO TOSTADO
2025-01-27,PAÑUELO CAJA
2025-01-27,CHOCOLATE PURO
2025-01-27,DEO ROLL-ON ALOE
2025-01-07,COTTONLIKE SÚPER C/A
2025-01-11,5 BOCADILLOS
2025-01-11,DELICIAS DE POLLO
2025-01-11,COLAS DE RAPE P
2025-01-11,ALMEJA PACIFIC
2025-01-11,CALAMAR PEQUEÑO
2025-01-11,COSTILLA CARNOSA
2025-01-11,LONGANIZA MAGRO FRES
2025-01-11,RICOTTA
2025-01-11,ALMENDRA NATURAL
2025-01-11,AJO SECO 250 G
2025-01-11,PICATOSTE FRITO
2025-01-11,100% INTEGRAL FINO
2025-01-11,SALSA FINA KRAFT
2025-01-11,CREMA CALABACÍN
2025-01-11,GEL LIMPIADOR BAÑO
2025-01-11,CREMA DE CALABAZA
2025-01-11,CREMA ESPÁRRAGOS
2025-01-11,CREMA VERDURAS
2025-01-11,CAPSULA CAFE C/LECHE
2025-01-11,QUESO BURGOS ENTERO
2025-01-11,MARGARINA
2025-01-11,LOMO EMBUCHADO 4PACK
2025-01-11,POLLO RELLENO TRUFA
2025-01-11,PECHUGUITA POLLO ASA
2025-01-11,PIZZA PROSCIUTTO
2025-01-11,C. COCIDO 100% NAT
2025-01-11,TOMATE TRITURADO
2025-01-11,MINI CHORIZO IBERICO
2025-01-11,MANDARINA HOJA
2025-01-11,NARANJA 4 KG
2025-01-11,CEBOLLA TUBO
2025-01-11,PATATA MALLA 2 KG
2025-01-11,TOMATE ENSALADA
2025-01-11,PLATANO
2025-01-31,BEBER FRESA-P
2025-01-31,CHEETOS PANDILLAS
2025-01-31,PRINGLES ORIGINAL
2025-01-31,KETCHUP
2025-01-31,ANACARDO NATURAL
2025-01-31,CACAHUETE FRITO
2025-01-31,CACAHUETE FRITO MIEL
2025-01-31,PISTACHO TOSTADO SAL
2025-01-31,BOLSA PLASTICO
2025-01-31,PATATA MALLA 2 KG
2025-01-31,QUESO HAVARTI LIGHT
2025-01-31,GUACAMOLE 200 G
2025-01-31,12 HUEVOS CAMPEROS
2025-02-11,CEREAL RELLENO LECHE
2025-02-11,TEMPURA VERDURAS
2025-02-11,PECHUGUITA POLLO ASA
2025-02-11,PECHUGA PAVO 92%
2025-02-11,BURGER M VA/CE 1000G
2025-02-11,FILETE DE LUBINA
2025-02-11,MERLUZA REBOZADA
2025-02-11,SALMÓN AHUMADO
2025-02-11,MUSLO DESHUESADO
2025-02-11,T.CHERRY PERA NEGRO
2025-02-11,Q RALLADO EMMENTAL
2025-02-11,MUSLO DESHUESADO
2025-02-11,QUESO GRANA PADANO
2025-02-11,BACON
2025-02-11,PICATOSTE FRITO
2025-02-11,ATUN CLARO OLIVA
2025-02-11,ALMENDRA NATURAL
2025-02-11,TORTITAS ARROZ YOGUR
2025-01-07,PAPEL HIGIENICO 4 CA
2025-01-07,LACTOVIT NUTRITIVO
2025-01-07,COTTONLIKE SÚPER C/A
2025-01-07,CEREAL RELL AVELLANA
2025-01-07,100% INTEGRAL FINO
2025-01-07,GARBANZOS
2025-01-07,DELICIAS DE POLLO
2025-01-07,PAN SEMILLAS
2025-01-07,5 BOCADILLOS
2025-01-07,QUESO HAVARTI LIGHT
2025-01-07,MERLUZA REBOZADA
2025-01-07,PECHUGUITA POLLO ASA
2025-01-07,PECHUGA PAVO 92%
2025-01-07,FILETE DE LUBINA
2025-01-07,12 HUEVOS CAMPEROS
2025-01-07,6 HUEVOS COCIDOS
2025-01-07,RICOTTA
2025-01-07,ARROZ INTEGRAL
2025-01-07,ESPINACA BABY
2025-01-07,PIZZA PROSCIUTTO
2025-01-07,CREMA VERDURAS
2025-01-07,AZUCAR
2025-01-07,CREMA CALABACÍN
2025-01-07,CALABAZA TROZOS
2025-01-07,ZANAHORIA BOLSA
2025-01-07,TOMATE TRITURADO
2025-01-07,PATATA MALLA 2 KG
2025-01-07,LECHE SEMI CALCIO
2025-01-15,BURGER CON QUESO
2025-01-15,PETIT DE BOLSILLO FR
2025-01-13,PATATAS GAJO
2025-01-13,LIMON ZERO P-8
2025-01-13,SALMÓN AHUMADO
2025-01-13,CHAMPIÑON PORTOBELLO
2025-01-13,PECHUGA PAVO 92%
2025-01-13,LOMO EMBUCHADO 4PACK
2025-01-13,ALAS ENTERAS
2025-01-13,BROTES TIERNOS
2025-01-13,Q VIEJO TOSTADO
2025-01-13,Q SEMI MEZCLA
2025-01-13,MUSLO DESHUESADO
2025-01-13,MUSLO DESHUESADO
2025-01-13,ZANAHORIA BOLSA
2025-01-13,PISTACHO TOSTADO SAL
2025-01-13,T.CHERRY PERA NEGRO
2025-01-13,ALMENDRA NATURAL
2025-01-13,QUESO HAVARTI LIGHT
2025-01-13,NUEZ NATURAL
2025-01-13,ANACARDO NATURAL
2025-01-13,6 HUEVOS CAMPEROS
2025-01-13,MARIAS DORADAS
2025-01-13,6 HUEVOS COCIDOS
2025-01-13,MACARRON
2025-01-13,SALSA YOGURT
2025-01-13,GAJO RÚSTICA
2025-01-13,BONITO NORTE A.OLIVA
2025-01-13,TOM. RECETA ARTESANA
2025-01-13,CACAHUETE FRITO
2025-01-13,CRACKERS
2025-01-13,GALLETA CARAMELIZADA
2025-01-13,CAYENA-GUINDILLAS
2025-01-13,BERENJENA
2025-01-13,CALABACIN VERDE
2025-01-23,MINI SALADAS
2025-01-23,CHOCOBUNS
2025-01-23,LS SPAGHETTI CARB.
2025-02-03,PAPEL HIGIENICO 4 CA
2025-02-03,"NEVAL 6X1,5L"
2025-02-03,BROTES TIERNOS
2025-02-03,ROJA DULCE BOLSA
2025-02-03,MAXI HAMBURGUESA
2025-02-03,ESPINACA BABY
2025-02-03,PICATOSTE FRITO
2025-02-03,ZANAHORIA BOLSA
2025-02-03,MANDARINA HOJA
2025-02-03,PIZZA PROSCIUTTO
2025-02-03,REBUENAS
2025-02-03,20 B.GRANDES C FACIL
2025-02-03,CALABAZA PARTIDA
2025-02-03,CHULETA AGUJA
2025-02-03,CREMA VERDURAS
2025-02-03,CREMA DE CALABAZA
2025-02-03,CREMA CALABACÍN
2025-02-03,TOM.RECETA ARTESANA
2025-02-03,ARROZ FALLERA
2025-02-03,CREMA CALABAZA
2025-02-03,Q SEMI MEZCLA
2025-02-03,QUESO HAVARTI LIGHT
2025-02-03,PECHUGA PAVO 92%
2025-02-03,SALSA YOGURT
2025-02-03,PLATANO
2025-01-22,ALAS PICANTES
2025-01-22,CHULETA AGUJA
2025-01-22,ALBONDIGAS 24 UNID.
2025-01-22,JAMONCITOS DE POLLO
2025-01-22,TORTILLAS MEXICANAS
2025-01-22,PIZZA PROSCIUTTO
2025-01-22,QUESO HAVARTI LIGHT
2025-01-22,RICOTTA
2025-01-22,CREMA CALABACÍN
2025-01-22,CREMA DE CALABAZA
2025-01-22,CREMA VERDURAS
2025-01-22,LENTEJA PARDINA
2025-01-22,DEO ROLL-ON ALOE
2025-01-22,FLAUTAS BACON/QUESO
2025-01-22,G. CABRA Y CEBOLLA
2025-01-22,Q RALLADO EMMENTAL
2025-01-22,BROTES TIERNOS
2025-01-22,PATATAS GAJO
2025-01-22,QUESO BLANCO NATURAL
2025-01-22,QUESO BURGOS ENTERO
2025-01-22,PECHUGUITA POLLO ASA
2025-01-22,PECHUGA PAVO 92%
2025-01-22,MAXI HAMBURGUESA
2025-01-22,PAPEL ALUMINIO
2025-01-22,MANDARINA HOJA
2025-01-22,PICATOSTE FRITO
2025-01-22,NARANJA 4 KG
2025-01-22,GUACAMOLE 200 G
2025-01-22,SALSA COCKTAIL 460ML
2025-01-22,SALMÓN AHUMADO
2025-01-22,ANITINES TOM/OREGANO
2025-01-22,GAJO RÚSTICA
2025-01-22,CEBOLLA TUBO
2025-01-22,PATATA MALLA 2 KG
2025-01-22,LECHE SEMI CALCIO
2025-01-22,BANANA
2025-03-04,"NEVAL 6X1,5L"
2025-03-04,LECHE SEMI CALCIO
2025-03-04,BONITO NORTE A.OLIVA
2025-03-04,PECHUGA PAVO 92%
2025-03-04,CHORIZO PICANT 4 PAC
2025-02-14,MINI RELLENO LECHE
2025-02-14,CALAMAR PEQUEÑO
2025-02-14,FLAUTAS BACON/QUESO
2025-02-14,CEBOLLA CRUJIENTE
2025-02-14,CROISSANT CACAO
2025-02-14,QUESO HAVARTI LIGHT
2025-02-14,GAJO RÚSTICA
2025-02-14,GUACAMOLE 200 G
2025-02-14,GALLETA CARAMELIZADA
2025-02-14,SALSA COCKTAIL 460ML
2025-02-14,AJOS TIERNOS
2025-02-14,PATATA MALLA 2 KG
2025-02-12,BURGER CON QUESO
2025-02-12,PETIT DE BOLSILLO FR
2025-03-04,LOMO EMBUCHADO 4PACK
2025-03-04,Q RALLADO EMMENTAL
2025-03-04,QUESO BURGOS NATURAL
2025-03-04,PECHUGUITA POLLO ASA
2025-03-04,MEZCLA 4 QUESOS
2025-03-04,SALSA YOGURT
2025-03-04,GALLETA CARAMELIZADA
2025-03-04,ESTROPAJO SALVAUÑAS
2025-03-04,100% INTEGRAL
2025-03-04,RICOTTA
2025-03-04,PAPEL VEGETAL 30H
2025-03-04,5 BOCADILLOS
2025-03-04,HELICES VEGETALES
2025-03-04,PAN SEMILLAS
2025-03-04,MACARRON
2025-03-04,HARINA DE TRIGO.
2025-03-04,SPAGHETTI
2025-03-04,40 B.MINI PAPELERA
2025-03-04,ALAS ENTERAS
2025-03-04,JAMONCITOS DE POLLO
2025-03-04,CH. PALO RIÑONAD
2025-03-04,DEO ROLL-ON ALOE
2025-03-04,MANTEQUILLA PAST.SIN
2025-03-04,FRESÓN 1 KG.
2025-03-04,6 HUEVOS COCIDOS
2025-03-04,CHAMPIÑON BANDEJA P
2025-03-04,CH. LECHAL CONG
2025-03-04,CEBOLLA TIERNA
2025-03-04,Q. LONCHAS LIGHT
2025-03-04,PATATA 3 KG
2025-03-04,GUACAMOLE 200 G
2025-03-04,12 HUEVOS CAMPEROS
2025-03-04,TOMATE ENSALADA
2025-03-04,BERENJENA
2025-03-04,CALABACIN VERDE
2025-04-07,CORAZONES COGOLLO
2025-04-07,TORTILLAS MEXICANAS
2025-04-07,PAN SEMILLAS
2025-04-07,100% INTEGRAL
2025-04-07,DELICIAS DE POLLO
2025-04-07,T.CHERRY PERA NEGRO
2025-04-07,AJO SECO 250 G
2025-04-07,CHORIZO PICANT 4 PAC
2025-04-07,LOMO EMBUCHADO 4PACK
2025-04-07,PECHUGUITA POLLO ASA
2025-04-07,PECHUGA PAVO 92%
2025-04-07,PAN RALLADO CASERO
2025-04-07,BROTES TIERNOS
2025-04-07,GUACAMOLE 500 GR
2025-04-07,"FRESÓN 1,3 KG"
2025-04-07,QUESO BURGOS NATURAL
2025-04-07,PIZZA FORMAGGI
2025-02-11,ANACARDO NATURAL
2025-02-11,RICOTTA
2025-02-11,TORTITAS DE MAIZ
2025-02-11,TORTELLONI CARNE
2025-02-11,100% INTEGRAL
2025-02-11,PAN SEMILLAS
2025-02-11,CREMA CALABACÍN
2025-02-11,CREMA VERDURAS
2025-02-11,BONITO NORTE A.OLIVA
2025-02-11,REBUENAS
2025-02-11,HOJALDRE MANTEQUILLA
2025-02-11,MANDARINA HOJA
2025-02-11,ROJA DULCE BOLSA
2025-02-11,ARÁNDANO 225 GR
2025-03-22,MONSTER MANGO LOCO
2025-03-22,JAMON COCIDO SANDWIC
2025-03-22,PALOMIT. MANTEQUILLA
2025-03-22,GOLOSINAS MORAS
2025-03-22,SPRITE FRESH LATA
2025-03-22,M.CROISS MANTEQUILLA
2025-04-07,Q. LONCHAS LIGHT
2025-04-07,TORTILLA PAT C/CEB
2025-04-07,RICOTTA
2025-04-07,Q RALLADO EMMENTAL
2025-04-07,CHOCO GOTAS FUNDIR
2025-04-07,MEZCLA 4 QUESOS
2025-04-07,BONITO NORTE A.OLIVA
2025-04-07,BONITO MIGAS OLIV P3
2025-04-07,CALABACIN VERDE
2025-04-07,BERENJENA
2025-04-25,CIDER MANZANA MINI
2025-04-25,BROTES TIERNOS
2025-04-25,PECHUGA PAVO 92%
2025-04-25,LOMO EMBUCHADO
2025-04-25,PECHUGA DE POLLO 92%
2025-04-25,FANTA LIMÓN X9
2025-04-25,PIZZA PEPPERONI
2025-04-25,PIZZA FORMAGGI
2025-04-25,ALAS ENTERAS
2025-04-25,12 HUEVOS CAMPEROS
2025-04-25,BURGER M VA/CE 1000G
2025-04-25,6 HUEVOS COCIDOS
2025-04-25,QUESO BURGOS NATURAL
2025-04-25,ZANAHORIA BOLSA
2025-04-25,RELLENO FAJITAS
2025-04-25,SAZONADOR BARBACOA
2025-04-25,PAN SEMILLAS
2025-04-25,100% INTEGRAL
2025-04-25,MAXI HAMBURGUESA
2025-04-25,GAJO RÚSTICA
2025-04-25,SALSA COCKTAIL TD
2025-04-25,GUACAMOLE 500 GR
2025-04-25,JABON TIERNOS RECUER
2025-04-25,RICOTTA
2025-04-25,BONITO NORTE A.OLIVA
2025-04-25,Q RALLADO EMMENTAL
2025-04-25,MEZCLA 4 QUESOS
2025-04-25,TORTILLAS MEXICANAS
2025-04-25,LOTE 3 BAYETAS MICRO
2025-04-25,DEO ROLL-ON ALOE
2025-04-25,PINZA PUNTA RECTA
2025-04-25,LOCIÓN HIDRATA
2025-03-14,CREMA VERDURAS
2025-03-14,TOM.RECETA ARTESANA
2025-03-14,BONITO NORTE A.OLIVA
2025-03-14,ATÚN CLARO OLIVA PK6
2025-01-27,LECHE SEMI CALCIO
2025-01-27,PLATANO
2025-01-27,PARKING
2025-02-05,PETIT DE BOLSILLO FR
2025-02-05,LS SPAGHETTI CARB.
2025-03-31,"FRESÓN 1,3 KG"
2025-03-31,PECHUGA PAVO 92%
2025-03-31,SALCHICHA FRANKFURT
2025-03-31,T.CHERRY PERA NEGRO
2025-03-31,FLAUTAS BACON/QUESO
2025-03-31,TORTILLAS MEXICANAS
2025-03-31,SALCHICHAS BOCADILLO
2025-03-31,PATATAS KEBAB
2025-03-31,QUESO BURGOS NATURAL
2025-03-31,Q VIEJO TOSTADO
2025-03-31,Q SEMI MEZCLA
2025-03-31,CHAMPIÑON PORTOBELLO
2025-03-31,CREMA VERDURAS
2025-03-31,CREMA CALABACÍN
2025-03-31,ALAS ENTERAS
2025-03-31,ALAS ENTERAS
2025-03-31,PIPA GIGANTE SAL
2025-03-31,BROTES TIERNOS
2025-03-31,CORAZONES COGOLLO
2025-03-31,CEBOLLA TIERNA
2025-03-31,GUACAMOLE 500 GR
2025-03-31,5 BOCADILLOS
2025-03-31,GRIEGO FRESA X6
2025-03-31,YOGUR GRIEGO LIGERO
2025-03-31,NATA PARA COCINAR
2025-03-31,CRUNCHY CHOC
2025-03-31,GALL DIGESTIVE
2025-03-31,LECHE SEMI CALCIO
2025-03-31,PLATANO
2025-04-14,VELA CIFRA 1 V2
2025-04-14,VELA CIFRA 2 V2
2025-04-14,VELA CIFRA 0 V2
2025-04-14,VELA CIFRA 5 V2
2025-03-06,BURGER CON QUESO
2025-03-06,LS POLLO REBOZADO
2025-03-06,BIZCOCHO DE CACAO
2025-03-06,AGUA SIN GAS FRIO
2025-03-14,Q RALLADO EMMENTAL
2025-03-14,MEZCLA 4 QUESOS
2025-03-14,FIDEUA CURVA
2025-03-14,LASAÑA PRECOCIDA
2025-03-14,GRIEGO NATURAL P-6
2025-03-14,GRIEGO LIMÓN
2025-03-14,FUMET DE PESCADO
2025-03-14,LIMPIAMUEBLE PARQUET
2025-03-14,AZUCAR MORENO PANELA
2025-03-14,PAN RALLADO CASERO
2025-03-14,ROLLO HOGAR DOBLE
2025-03-14,BROTES TIERNOS
2025-03-14,LOMO EMBUCHADO 4PACK
2025-03-14,PECHUGUITA POLLO ASA
2025-03-14,PECHUGA PAVO 92%
2025-03-14,CEPILLO DENTAL MEDIO
2025-03-14,ROJA DULCE BOLSA
2025-03-14,PAN SEMILLAS
2025-03-14,100% INTEGRAL
2025-03-14,TOM. RECETA ARTESANA
2025-03-14,SAL YODADA
2025-03-14,RICOTTA
2025-03-14,QUESO BURGOS NATURAL
2025-03-14,12 HUEVOS CAMPEROS
2025-03-14,CREMA CALABACÍN
2025-03-14,PUERROS
2025-03-14,"C 0,0 TOSTADA P-6"
2025-03-14,SALSA YOGURT
2025-03-14,CINTAS DE BACON
2025-03-14,BONITO MIGAS OLIV P3
2025-03-14,GUACAMOLE 200 G
2025-03-14,ATUN CLARO OLIVA
2025-03-14,FRESÓN 1 KG.
2025-03-14,6 HUEVOS COCIDOS
2025-03-14,GEL LIMPIADOR BAÑO
2025-03-14,NATA SPRAY
2025-03-14,LECHE SEMI CALCIO
2025-03-14,Q SEMI MEZCLA
2025-03-14,Q VIEJO TOSTADO
2025-03-14,Q. LONCHAS LIGHT
2025-03-14,CARRILLADA CONGELADA
2025-03-14,CARRILLADA CONGELADA
2025-03-14,PLATANO
2025-04-09,CRUNCHY CHOC
2025-04-09,LIMPIADOR TUBERIAS
2025-04-09,MAXI HAMBURGUESA
2025-04-09,COLA
2025-04-09,BURGER AMERICANA
2025-04-09,PATATA 3 KG
2025-04-09,SALSA YOGURT
2025-04-09,PATATAS KEBAB
2025-04-09,CREMA CALABAZA
2025-04-09,PICATOSTE FRITO
2025-04-09,CEBOLLA TUBO
2025-04-14,LECHE SEMI CALCIO
2025-04-14,COLA ZERO ZERO P-12
2025-04-14,6 HUEVOS CAMPEROS
2025-04-14,CHOCOLATE PURO
2025-04-14,GRIEGO FRESA X6
2025-04-14,S.FRANKFURT BOCATA Q
2025-04-14,SALCHICHA FRANKFURT
2025-04-14,SALCHICHAS BOCADILLO
2025-04-14,COPOS ESPECIAL K
2025-04-14,6 HUEVOS COCIDOS
2025-04-14,12 HUEVOS CAMPEROS
2025-04-14,PIPA GIGANTE SAL
2025-04-14,FLAUTAS BACON/QUESO
2025-04-14,BONITO MIGAS OLIV P3
2025-04-14,MAIZ FRITO CRUJIENTE
2025-04-14,SALSA YOGURT
2025-04-14,CREMA CALABACÍN
2025-04-14,LEVADURA FRESCA
2025-04-14,MANTEQUILLA PAST.SIN
2025-04-14,CREMA DE CALABAZA
2025-04-14,T.CHERRY PERA NEGRO
2025-04-14,BROTES TIERNOS
2025-04-14,ATUN CLARO OLIVA
2025-04-14,NARANJA
2025-03-07,GUACAMOLE 200 G
2025-03-07,IMPULSOR ROYAL 80GR
2025-03-07,TORTILLAS MEXICANAS
2025-03-07,TOMATE FRITO A.OLIVA
2025-03-07,TOMATE TRITURADO
2025-03-07,RICOTTA
2025-03-07,TOMATE TROCEADO
2025-03-07,GALLETITAS SALADAS
2025-03-07,PECHUGA PAVO 92%
2025-03-07,LONGANIZA MAGRO FRES
2025-03-07,TORTILLA PAT C/CEB
2025-03-07,BURGER M VA/CE 500G
2025-03-07,PIZZA FORMAGGI
2025-03-07,CHEETOS PANDILLAS
2025-03-24,PIZZA FORMAGGI
2025-03-24,NOODLE SABOR PICANTE
2025-03-24,CEREAL RELLENO LECHE
2025-03-24,COPOS ESPECIAL K
2025-03-24,CREMA VERDURAS
2025-03-24,Q. LONCHAS LIGHT
2025-03-24,FLAUTAS POLLO/QUESO
2025-03-24,PATATAS KEBAB
2025-03-24,GARBANZOS
2025-03-24,TORTILLAS MEXICANAS
2025-03-24,MERLUZA REBOZADA
2025-03-24,CREMA CALABACÍN
2025-03-24,LOMO EMBUCHADO 4PACK
2025-03-24,PECHUGUITA POLLO ASA
2025-03-24,PECHUGA PAVO 92%
2025-03-24,GAJO RÚSTICA
2025-03-24,TORTILLA TRIGO 6 UN
2025-03-24,T.CHERRY PERA NEGRO
2025-03-24,5 BOCADILLOS
2025-03-24,GUACAMOLE 500 GR
2025-03-24,PAN SEMILLAS
2025-03-24,MARGARINA
2025-03-24,GRIEGO NATURAL P-6
2025-03-24,GRIEGO LIMÓN
2025-03-24,ZANAHORIA BOLSA
2025-03-24,CALABAZA PARTIDA
2025-03-24,CORAZONES COGOLLO
2025-03-24,TOM.RECETA ARTESANA
2025-03-24,BROTES TIERNOS
2025-03-24,ESPINACAS
2025-03-24,6 HUEVOS CAMPEROS
2025-03-24,100% INTEGRAL
2025-03-24,AGUACATE
2025-03-24,PLATANO
2025-04-02,DORITOS BITS
2025-04-02,BURGER CON QUESO
2025-04-02,YOGOMIX NATURAL BOLI
2025-04-02,AGUA SIN GAS FRIO
2025-04-29,LAVAVAJ. TODO EN
2025-04-29,BURGER M VACUN 1000G
2025-04-29,CEREAL RELLENO LECHE
2025-04-29,PATATAS GAJO
2025-04-29,10 S.JARDÍN C. FÁCIL
2025-04-29,CRACKERS
2025-04-29,PISTACHO TOSTADO SAL
2025-04-29,CREMA CALABACÍN
2025-04-29,PIZZA FORMAGGI
2025-04-29,FLAUTAS BACON/QUESO
2025-04-29,CREMA VERDURAS
2025-04-29,40 B.CIERRA FÁCIL
2025-04-29,CORAZONES COGOLLO
2025-04-29,Q VIEJO TOSTADO
2025-04-29,Q CREMOSO
2025-04-29,TOM.RECETA ARTESANA
2025-04-29,TOM. RECETA ARTESANA
2025-04-29,6 HUEVOS COCIDOS
2025-04-29,6 HUEVOS CAMPEROS
2025-04-29,CREMA CACAO
2025-04-29,TOMATE TRITURADO
2025-04-29,TOMATE TROCEADO
2025-04-29,TORTILLAS MEXICANAS
2025-04-29,PIPA GIGANTE SAL
2025-04-29,Q SEMI MEZCLA
2025-04-29,LEVADURA FRESCA
2025-04-29,HELICES VEGETALES
2025-04-29,SPAGHETTI
2025-04-29,TOMATE FRITO A.OLIVA
2025-04-29,Q RALLADO EMMENTAL
2025-04-29,Q. LONCHAS LIGHT
2025-04-29,QUESO BURGOS NATURAL
2025-04-29,ANACARDO NATURAL
2025-04-29,AROMA DE VAINILLA
2025-04-29,BURGER VACUNO GRUESA
2025-04-29,PICATOSTE FRITO
2025-04-29,PECHUGUITA POLLO ASA
2025-04-29,PECHUGA PAVO 92%
2025-04-29,SAL ESCAMAS
2025-04-29,T.CHERRY PERA NEGRO
2025-04-29,TORTILLA PAT C/CEB
2025-04-29,BROTES TIERNOS
2025-04-29,LOMO EMBUCHADO
2025-04-29,CINTAS DE BACON
2025-04-29,BONITO MIGAS OLIV P3
2025-04-29,BONITO NORTE A.OLIVA
2025-04-29,KETCHUP
2025-04-29,MOSTAZA CLÁSICA
2025-04-29,NATA PARA COCINAR
2025-04-29,SALCHICHAS BOCADILLO
2025-04-29,SALCHICHA FRANKFURT
2025-04-29,ROJA DULCE BOLSA
2025-04-29,ARÁNDANO 225 GR
2025-04-29,PATATA 3 KG
2025-04-29,LECHE SEMI P6
2025-04-29,"NEVAL 6X1,5L"
2025-04-29,PLATANO
2025-04-03,PAPEL HIGIENICO 4 CA
2025-04-03,DELICIAS DE POLLO
2025-04-03,RELLENO KEBAB POLLO
2025-04-03,ARROZ FALLERA
2025-04-03,MACARRON
2025-04-03,ARROZ INTEGRAL
2025-04-03,HELICES VEGETALES
2025-04-03,DESODORANTE ROLL-ON
2025-04-03,DEO ROLL-ON ALOE
2025-04-03,PICATOSTE FRITO
2025-04-03,REC.AUT.ROPA LIMPIA
2025-04-03,PRE. DAME PLACER
2025-04-03,"FRESÓN 1,3 KG"
2025-04-03,ROJA ACIDULCE BOLSA
2025-04-03,LECHE SEMI CALCIO
2025-04-11,PETIT DE BOLSILLO FR
2025-04-11,BURGER CON QUESO
2025-04-11,BRAVAS
2025-04-30,PETIT DE BOLSILLO FR
2025-04-30,LS PORCIÓN BARBACOA
2025-04-30,BURGER CON QUESO
2025-03-20,CERVEZA EXTRA
2025-03-20,ACEITUNA CHUPADEDOS
2025-03-20,PACK 8 ISOT NARANJA
2025-03-20,CERVEZA EXTRA
2025-03-20,C.ÁGUILA S/FIL P-6
2025-03-20,ESPÁRRAGO CORTO
2025-03-20,LIMPIA MAQUINAS LIQU
2025-03-20,CRACKERS
2025-03-20,ANACARDO NATURAL
2025-03-20,PISTACHO TOSTADO SAL
2025-03-20,FRESÓN 1 KG.
2025-03-20,ALMENDRA NATURAL
2025-03-20,NUEZ NATURAL
2025-03-20,MINI CHORIZO IBERICO
2025-03-20,PECHUGA PAVO 92%
2025-03-20,PECHUGUITA POLLO ASA
2025-03-07,QUESO BURGOS NATURAL
2025-03-07,CHAPATA CRISTAL 4UDS
2025-03-07,20 B.GRANDES C FACIL
2025-03-07,6 HUEVOS CAMPEROS
2025-03-07,DESODORANTE ROLL-ON
2025-03-07,6 HUEVOS COCIDOS
2025-03-07,Q. LONCHAS LIGHT
2025-03-07,BROTES TIERNOS
2025-03-07,COL LOMBARDA
2025-03-17,DELICIAS DE POLLO
2025-03-17,PIZZA CARBONARA M.F.
2025-03-17,PIZZA DEEP AMERICANA
2025-03-17,PIZZA BBQ M.FINA
2025-03-17,CHORIZO OREADO
2025-03-17,BURGER M VA/CE 500G
2025-03-17,CUARTO CERTIFICADO
2025-03-17,MORCILLA CEBOLLA FRE
2025-03-17,COSTILLA CARNOSA
2025-03-17,JAMONCITOS DE POLLO
2025-03-17,ARROZ FALLERA
2025-03-17,12 HUEVOS CAMPEROS
2025-03-17,ALAS ENTERAS
2025-03-17,TORTITAS DE MAIZ
2025-03-17,PELOTAS COCIDO
2025-03-17,ARREGLO PUCHERO
2025-03-17,CEREAL RELLENO LECHE
2025-03-17,GALL DIGESTIVE
2025-03-17,COCIDO
2025-03-17,TORTITAS DE ARROZ
2025-03-17,PASTILLA CISTERNA
2025-03-17,REBUENAS
2025-03-17,MAXI HAMBURGUESA
2025-03-17,6 HUEVOS COCIDOS
2025-03-17,PAN SEMILLAS
2025-03-17,100% INTEGRAL
2025-03-17,ARROZ INTEGRAL
2025-03-17,MAIZ FRITO CRUJIENTE
2025-03-17,PIPA GIGANTE SAL
2025-03-17,MAIZ PALOMITAS
2025-03-17,PAPEL HIGIENICO 4 CA
2025-03-17,TOMATE FRITO CASERO
2025-03-17,ACEITUNA R/JALAPEÑO
2025-03-17,ACEITUNA CHUPADEDOS
2025-03-17,QUESO BURGOS NATURAL
2025-03-17,GUACAMOLE 200 G
2025-03-17,PATATAS KEBAB
2025-03-17,TORTILLA PAT C/CEB
2025-03-17,PIZZA PROSCIUTTO
2025-03-17,SAZONADOR BARBACOA
2025-03-17,S. HIERBAS PROVENZAL
2025-03-17,PECHUGUITA POLLO ASA
2025-03-17,PECHUGA PAVO 92%
2025-03-17,LEJIA CON DETERGENTE
2025-03-26,BURGER CON QUESO
2025-03-26,LS POLLO REBOZADO
2025-03-26,PETIT DE BOLSILLO FR
2025-03-28,CRUNCHY CHOC
2025-03-28,CHAPATA CRISTAL 4UDS
2025-03-28,ANACARDO NATURAL
2025-03-28,TORTILLA PAT C/CEB
2025-03-28,PISTACHO TOSTADO SAL
2025-03-28,GALLETA CARAMELIZADA
2025-03-28,ALMENDRA NATURAL
2025-03-28,Q. LONCHAS LIGHT
2025-03-28,REBUENAS
2025-03-28,PECHUGA PAVO 92%
2025-04-19,LECHE SEMI CALCIO
2025-04-19,PATATAS GAJO
2025-04-19,POLLO CRISPY
2025-04-19,RELLENO KEBAB POLLO
2025-04-19,ALMEJA PACIFIC
2025-04-19,SOLOMILLO MARIN CONG
2025-04-19,ATÚN
2025-04-19,ROLLO HOGAR DOBLE
2025-04-19,CREMA VERDURAS
2025-04-19,CREMA CALABACÍN
2025-04-19,CEREAL RELL AVELLANA
2025-04-19,HARINA DE FUERZA
2025-04-19,BROTES TIERNOS
2025-04-19,PECHUGA FAMILIAR
2025-04-19,PATATAS KEBAB
2025-04-19,PAN SEMILLAS
2025-04-19,BELLOTA TAPAS
2025-04-19,PECHUGA PAVO 92%
2025-04-19,ALMENDRA NATURAL
2025-04-19,12 HUEVOS CAMPEROS
2025-04-19,ANACARDO NATURAL
2025-04-19,ARROZ INTEGRAL
2025-04-19,PATATAS CHURRERIA
2025-04-19,REC.AUT.ROPA LIMPIA
2025-04-19,BOLSA BASURA 5 L
2025-04-19,ARROZ FALLERA
2025-04-19,CALAMAR PEQUEÑO
2025-04-19,FIDEUA CURVA
2025-04-19,PICATOSTE FRITO
2025-04-19,GUACAMOLE 500 GR
2025-04-19,CREMA CACAO
2025-04-19,SALSA FINA KRAFT
2025-04-19,BOLSAS ZIP 5L
2025-04-19,TORTILLAS MEXICANAS
2025-04-19,CREMA CALABAZA
2025-04-19,Q. LONCHAS LIGHT
2025-04-19,LONGANIZA PASCUA
2025-04-19,BOLSAS ZIP 1L
2025-04-19,QUESO BURGOS NATURAL
2025-04-19,Q CREMOSO
2025-04-19,HABAS
2025-04-19,COL LOMBARDA
2025-03-08,CUQUITOS
2025-03-08,FRESÓN
2025-03-08,NATA SPRAY
2025-04-07,"NEVAL 1,5L"
2025-04-07,YOGOMIX NATURAL BOLI
2025-04-07,LS SPAGHETTI CARB.
2025-04-07,NAPOLITANA MIXTA
2024-10-22,DELICIAS DE POLLO
2024-10-22,RELLENO FAJITAS
2024-10-22,RELLENO KEBAB POLLO
2024-10-22,POLLO CRISPY
2024-10-22,TEQUEÑOS DE QUESO
2024-10-22,PACK-4 SALCH.FRANKF
2024-10-22,BURGER AMERICANA
2024-10-22,PECHUGUITA POLLO ASA
2024-10-22,PECHUGA PAVO 92%
2024-10-22,FILETE LOMO AJILLO
2024-10-22,CREMA DE CALABAZA
2024-10-22,CREMA VERDURAS
2024-10-22,CREMA CALABACÍN
2024-10-22,12 HUEVOS CAMPEROS
2024-10-22,RICOTTA
2024-10-22,BROTES TIERNOS
2024-10-22,PAN SEMILLAS
2024-10-22,ALPRO NAT SOJA COCO
2025-03-20,PATATA MALLA 2 KG
2025-03-20,LECHE SEMI CALCIO
2024-10-22,SALSA YOGURT
2024-10-22,HELICES VEGETALES
2024-10-22,CHAMPIÑON PORTOBELLO
2024-10-22,GALLETA CARAMELIZADA
2024-10-22,5 BOCADILLOS
2024-10-22,ROLLO HOGAR DOBLE
2024-10-22,40 B.MINI PAPELERA
2024-10-22,PIMIENTO FREIR
2024-10-22,PLATANO
2024-10-22,MELOCOTON AMARILLO
2024-10-22,PERSIMON
2024-10-22,PERA ERCOLINA
2024-10-31,PIZZA PROSCIUTTO
2024-10-31,CEREAL RELL AVELLANA
2024-10-31,TEMPURA VERDURAS
2024-10-31,PATATA 3 KG
2024-10-31,PAN SEMILLAS
2024-10-31,SALSA BARBACOA
2024-10-31,6 HUEVOS CAMPEROS
2024-10-31,SALTEADO VERD. ASADA
2024-10-31,CERVEZA P-6
2024-10-31,CREMA DE CALABAZA
2024-10-31,QUESO HAVARTI LIGHT
2024-10-31,"NEVAL 6X1,5L"
2024-10-31,GALLETA CARAMELIZADA
2024-10-31,JAMÓN SERRANO SOBRE
2024-10-31,GIN EXOTIC
2024-10-31,SALSA FINA KRAFT
2024-10-31,MONSTER MANGO LOCO
2024-10-31,LOMO EMBUCHADO 4PACK
2024-10-31,ATÚN
2024-10-31,FIDEUA CURVA
2024-10-31,GAMBA PELADA CRUDA
2024-10-31,ALMEJA PACIFIC
2024-10-31,POLLO CRISPY
2024-10-31,PECHUGA PAVO 92%
2024-10-31,PECHUGA DE POLLO 92%
2024-10-31,PECHUGA 2 UND
2024-10-31,DELICIAS DE POLLO
2024-10-31,RICOTTA
2024-10-31,PALITOS SURIMI
2024-10-31,SOLOMILLO MARIN CONG
2024-10-31,GUACAMOLE 200 G
2024-10-31,GAJO RÚSTICA
2024-10-31,SALSA COCKTAIL 460ML
2024-10-31,CREMA VERDURAS
2024-10-31,QUESO BURGOS ENTERO
2024-10-31,PLATANO
2024-10-31,CALABACIN VERDE
2024-10-31,MELOCOTON AMARILLO
2024-11-27,BURGER M VA/CE 1000G
2024-11-27,LONGANIZA MAGRO FRES
2024-11-27,T.CHERRY PERA NEGRO
2024-11-27,SPRAY ROPA LIMPIA
2024-11-27,GALLETA CARAMELIZADA
2024-11-27,QUESO HAVARTI LIGHT
2024-11-27,TOM.RECETA ARTESANA
2024-11-27,RICOTTA
2024-11-27,PECHUGA PAVO 92%
2024-11-27,SALMÓN AHUMADO
2024-11-27,PECHUGUITA POLLO ASA
2024-11-27,JAMÓN SERRANO SOBRE
2024-11-27,TORTELLONI CARNE
2024-11-27,CACAHUETE FRITO
2025-03-28,LOMO EMBUCHADO 4PACK
2025-03-28,PIZZA FORMAGGI
2025-03-28,RELLENO KEBAB POLLO
2025-03-28,ISOTÓNICO BLUE
2025-03-28,LONGANIZA MAGRO FRES
2025-03-28,6 HUEVOS COCIDOS
2025-03-28,12 HUEVOS CAMPEROS
2025-03-28,"NEVAL 6X1,5L"
2024-10-23,PETIT DE BOLSILLO FR
2024-10-23,LS MAC BOLOÑESA
2024-10-23,BRONCHALES 1L
2024-10-23,FINGERS DE QUESO
2024-10-23,LS POLLO REB GRANDE
2024-11-04,AGUA DESTILADA
2024-11-04,SOJA ARÁNDANOS ALPRO
2024-11-04,ALPRO NAT SOJA COCO
2024-11-04,LACTOVIT NUTRITIVO
2024-11-04,MOLINILLO MIX PTAS.
2024-11-04,MAXI HAMBURGUESA
2024-11-04,CREMA DE CALABAZA
2024-11-04,CREMA CALABACÍN
2024-11-04,CREMA DE ALCACHOFA
2024-11-04,APOSITO AMPOLLA Y RO
2024-11-04,APOSITO CLASSIC
2024-11-04,GALLETA TOSTA-RICA
2024-11-04,GALLETA CARAMELIZADA
2024-11-04,CEREAL RELLENO LECHE
2024-11-04,PICATOSTE FRITO
2024-11-04,PISTACHO TOSTADO SAL
2024-11-04,DELICIAS DE POLLO
2024-11-04,PISTO DE VERDURAS
2024-11-04,SALTEADO VERD. ASADA
2024-11-04,ESPARRAGO VERDE TROC
2024-11-04,AJOS TIERNOS
2024-11-04,6 HUEVOS CAMPEROS
2024-11-04,6 HUEVOS COCIDOS
2024-11-04,5 BOCADILLOS
2024-11-04,PAPEL HIGIENICO 4 CA
2024-11-04,MACARRON
2024-11-04,FILETE DE LUBINA
2024-11-04,Q VIEJO TOSTADO
2024-11-04,SALCHICHAS GOURMET
2024-11-04,S.FRANKFURT BOCATA Q
2024-11-04,NUEZ NATURAL
2024-11-04,JAMÓN SERRANO SOBRE
2024-11-04,TOMATE FRITO A.OLIVA
2024-11-04,CALAMAR PEQUEÑO
2024-11-04,ESCALOPIN SALMON
2024-11-04,FUMET DE PESCADO
2024-11-04,PAN SEMILLAS
2024-11-04,LOMO EMBUCHADO 4PACK
2024-11-04,CHORIZO PICANT 4 PAC
2024-11-04,PECHUGA PAVO 92%
2024-11-04,PECHUGUITA POLLO ASA
2024-11-04,CHULETA AGUJA
2024-11-04,LENTEJA PARDINA
2024-11-04,CHAMPIÑON PORTOBELLO
2024-11-04,CINTAS DE BACON
2024-11-04,Q SEMI MEZCLA
2024-11-04,BURGER AMERICANA
2024-11-04,BURGER VACUNO CERDO
2024-11-04,Q. RALLADO EMMENTAL
2024-11-04,T.CHERRY PERA NEGRO
2024-11-04,SALMÓN AHUMADO
2024-11-04,CORAZONES COGOLLO
2024-11-04,TORTELLONI CARNE
2025-04-11,LACTOVIT NUTRITIVO
2025-04-11,CHAPATA CRISTAL 4UDS
2025-04-11,LONGANIZA MAGRO FRES
2025-04-11,QUESO BURGOS NATURAL
2025-04-11,Q. LONCHAS LIGHT
2025-04-11,TORTILLA PAT C/CEB
2025-04-11,BARRITA MUESLI CHOCO
2025-04-11,Q VIEJO TOSTADO
2025-04-11,Q SEMI MEZCLA
2025-04-11,PECHUGUITA POLLO ASA
2025-04-11,PECHUGA PAVO 92%
2025-04-11,GALL DIGESTIVE
2025-04-11,PLATANO
2025-04-25,BARRA CAMPESINA
2025-04-25,PORCIÓN REGULAR
2025-04-25,LECHE SEMI S/LACT
2025-04-25,PREPARADO CRUJIENTE
2024-12-30,TINTO CASERA BIPACK
2024-12-30,CERV PACK
2024-12-30,ARIEL LIQUIDO TOT
2024-12-30,PATATA MALLA 2 KG
2024-12-30,COTILLON
2024-12-30,6 HUEVOS CAMPEROS
2024-06-04,RELLENO FAJITAS
2024-06-04,HIELO CUBITO 2KG
2024-06-04,BURGER M VA/CE 1000G
2024-06-04,ALAS ENTERAS
2024-06-04,BURGER VACUNO GRUESA
2024-06-04,DELICIAS DE POLLO
2024-06-04,GAZPACHO FRESCO
2024-06-04,ZANAHORIA 500 G
2024-06-04,PAN HOT DOG
2024-06-04,BARRA DE PAN 3 UDS
2024-06-04,KETCHUP
2024-06-04,MAXI HAMBURGUESA
2024-06-04,LECHE SEMI P6
2024-06-04,REBUENAS
2024-06-04,5 BOCADILLOS
2024-06-04,CORAZONES COGOLLO
2024-06-04,6 HUEVOS COCIDOS
2024-06-04,40 B.MINI PAPELERA
2024-06-04,CEBOLLA TUBO
2024-06-04,ATUN CLARO OLIVA
2024-06-04,T.CHERRY PERA NEGRO
2024-06-04,CEREZA 1 KG
2024-06-04,S.FRANKFURT BOCATA Q
2024-06-04,SALCHICHAS BOCADILLO
2024-06-04,TOM. RECETA ARTESANA
2024-06-04,ACEITUNA R/JALAPEÑO
2024-06-04,ROLLON ALOE VERA
2024-06-04,TOM.RECETA ARTESANA
2024-06-04,CREMA CACAO
2024-06-04,TOMATE FRITO AC.OLIV
2024-06-04,SALMOREJO FRESCO
2024-06-04,TOMATE TRITURADO
2024-06-04,SALCHICHA FRANKFURT
2024-06-04,SAZONADOR BARBACOA
2024-06-04,S. HIERBAS PROVENZAL
2024-06-04,LONGANIZA CLASICA EX
2024-06-04,MAGDALENA AZUCAR
2024-06-04,BERENJENA RAYADA GR
2024-06-04,MELOCOTON AMARILLO
2024-06-04,CIRUELA ROJA
2024-06-04,CALABACIN VERDE
2024-06-08,ALISTADO MEDIANO
2024-06-08,HARINA DE FUERZA
2024-06-08,NACHOS
2024-06-08,CEREZA 1 KG
2024-06-08,BURGER M VA/CE 500G
2024-06-08,F. PLANCHA/GUISAR
2024-06-08,PECHUGA FAMILIAR
2024-06-08,BARRA DE PAN 3 UDS
2024-06-08,PIMIENTO TRICO
2024-06-08,Q. UNTAR SUAVE
2024-06-08,CHILI CON CARNE
2024-06-08,SALSA MEXICANA
2024-06-08,CALAMAR PEQUEÑO
2024-06-08,ATÚN
2024-06-08,MANTEQUILLA PAST.SIN
2024-06-08,ALMEJA PACIFIC
2024-06-08,ROLLON ALOE VERA
2024-06-08,ALCOHOL ROMERO
2024-06-08,AZUCAR
2024-06-08,SANDÍA PARTIDA B/S
2024-06-08,LONGANIZA DE PAYES
2024-06-08,ATÚN CLARO OLIVA PK6
2024-06-08,QUESO FRESCO VACA
2024-06-08,Q VIEJO TOSTADO
2024-06-08,QUESO HAVARTI LIGHT
2024-06-08,SALAMI PACK-4
2024-06-08,JAMÓN SERRANO SOBRE
2024-06-08,12 HUEVOS CAMPEROS
2024-06-08,TORTILLAS MEXICANAS
2024-06-08,PECHUGA PAVO BIPACK
2024-06-08,GAZPACHO FRESCO
2024-06-08,LEJIA CON DETERGENTE
2024-06-08,MACARRON
2024-06-08,CEBOLLA TUBO
2024-06-08,PIMIENTO ROJO
2024-06-08,AGUACATE
2024-06-08,TOMATE NEGRO
2024-06-11,CARRILLADA CONGELADA
2024-06-11,ARROZ FALLERA
2024-06-11,ESCOBA PEQUEÑA
2024-06-11,VASELINA HIDRATANTE
2024-06-11,CEPILLO LAVAR
2024-06-13,REBUENAS
2024-06-13,JAMONCITOS DE POLLO
2024-06-13,PIZZA CARBONARA M.F.
2024-06-13,GYOZA DE POLLO
2024-06-13,PIZZA DEEP PEPPERONI
2024-06-13,BURGER VACUNO GRUESA
2024-06-13,ALAS PARTIDAS
2024-06-13,PIZZA PROSCIUTTO
2024-06-13,TORTILLAS MEXICANAS
2024-06-13,ARROZ FALLERA
2024-06-13,FUMET DE PESCADO
2024-06-13,ANACARDO NATURAL
2024-06-13,SALSA COCKTAIL 460ML
2024-06-13,FARTONS
2024-06-13,CREMA CACAO
2024-06-13,NUEZ TROCEADA
2024-06-13,SALCHICHAS BOCADILLO
2024-06-13,ARROZ INTEGRAL
2024-06-13,CREMA CALABAZA
2024-06-13,ISOTONICO LIMON
2024-06-13,CROISSANT
2024-06-13,BARRITA CHOCO LECHE
2024-06-13,HORCHATA FRESCA
2024-06-13,LECHE SABOR CANELA
2024-06-13,BEBER FRESA-PLATANO
2024-06-13,RELLENO FAJITAS
2024-06-13,PATATAS GAJO
2024-06-13,F.LECHE TROPICAL
2024-06-13,ARROZ COCIDO
2024-06-13,GRIEGO LIMÓN
2024-06-13,MINI RELLENO LECHE
2024-06-13,PATATAS CHILI & LIMA
2024-06-13,BATIDO CACAO ENERGY
2024-06-22,PATATA 3 KG
2024-06-22,ARROZ FALLERA
2024-06-22,MELON SAPO PARTIDO
2024-06-22,CEBOLLA TUBO
2024-06-22,GAJO RÚSTICA
2024-06-22,C. COCIDO 100% NAT
2024-06-22,TOMATE TRITURADO
2024-06-22,KETCHUP
2024-06-22,TOM.RECETA ARTESANA
2024-06-22,TOM. RECETA ARTESANA
2024-06-22,GARBANZOS
2024-06-22,JUDIA PLANA TROCEADA
2024-06-22,PATATAS GAJO
2024-06-22,LONGANIZA MAGRO FRES
2024-06-22,ALAS ENTERAS
2024-06-22,COSTILLA CARNOSA
2024-06-22,LONGANIZA DE PAYES
2024-06-22,BARRA DE PAN 3 UDS
2024-06-22,FREGONA HILO MIR.
2024-06-22,MERMELADA FRESA
2024-06-22,SPAGHETTI
2024-06-22,ARIEL LIQUIDO TOT
2024-06-22,ACEITUNA R/JALAPEÑO
2024-06-22,TORTILLAS MEXICANAS
2024-06-22,LACTOVIT NUTRITIVO
2024-06-22,GEL AFEITAR
2024-06-22,LECHE SEMI CALCIO
2024-06-29,PAÑUELO CAJA
2024-06-29,PAPEL HIGIENICO 4 CA
2024-06-29,PAÑUELOS 4 CAP 10X10
2024-06-29,MAXI HAMBURGUESA
2024-06-29,BARRA DE PAN 3 UDS
2024-06-29,ARROZ FALLERA
2024-06-29,HELICES VEGETALES
2024-06-29,REBUENAS
2024-06-29,QUESO BLANCO NATURAL
2024-06-29,Q SEMI MEZCLA
2024-06-29,QUESO GRANA PADANO
2024-06-29,QUESO HAVARTI LIGHT
2024-06-29,Q VIEJO TOSTADO
2024-06-29,SOLOMILLO MARIN CONG
2024-06-29,PIZZA CARBONARA M.F.
2024-06-29,PIZZA BBQ M.FINA
2024-06-29,PIZZA BOLOÑESA
2024-06-29,PIZZA DEEP AMERICANA
2024-06-29,PECHUGA POLLO
2024-06-29,BURGER VACUNO GRUESA
2024-06-29,PATATA CHURRERÍA
2024-06-29,12 HUEVOS CAMPEROS
2024-06-29,CHAMPIÑON PORTOBELLO
2024-06-29,PIZZA PROSCIUTTO
2024-06-29,CEBOLLA TIERNA
2024-06-29,QUESO FRESCO VACA
2024-06-29,Q. RALLADO EMMENTAL
2024-06-29,SALSA DE SOJA SALADA
2024-06-29,ZANAHORIA BOLSA
2024-06-29,CORAZONES COGOLLO
2024-06-29,NATA PARA COCINAR
2024-06-29,MELON SAPO PARTIDO
2024-06-29,NATA PARA COCINAR
2024-06-17,CEBOLLA TIERNA
2024-06-17,VINAGRE BALSAMICO
2024-06-17,AJOS TIERNOS
2024-06-17,QUESO FRESCO VACA
2024-06-17,6 HUEVOS COCIDOS
2024-06-17,BONITO NORTE ACEITE
2024-06-17,MUSLO DESHUESADO
2024-06-17,MUSLO DESHUESADO
2024-06-17,YOGUR CON FRUTAS
2024-06-17,ALBONDIGAS 24 UNID.
2024-06-17,JAMÓN SERRANO SOBRE
2024-06-17,CALAMAR PEQUEÑO
2024-06-17,MERLUZA REBOZADA
2024-06-17,SALSA YOGURT
2024-06-17,12 HUEVOS CAMPEROS
2024-06-17,BARRA DE PAN 3 UDS
2024-06-17,CALABACIN VERDE
2024-07-19,PATATAS CHILI LIMA
2024-07-19,PALOMITAS CARAMELO
2024-07-19,TINTO VERANO LIMON
2024-06-17,LECHE SEMI CALCIO
2024-06-17,SANDÍA PARTIDA B/S
2024-06-17,CORAZONES COGOLLO
2024-06-17,T.CHERRY PERA NEGRO
2024-06-17,CEREZA 1 KG
2024-06-17,PAPEL VEGETAL 30H
2024-06-17,RELLENO FAJITAS
2024-06-17,GYOZA DE POLLO
2024-06-17,PECHU.POLLO BRASEADA
2024-06-17,QUICHE YORK + BACON
2024-06-17,ZANAHORIA BOLSA
2024-06-17,AGUACATE
2024-06-22,CEBOLLA 2 KG
2024-06-22,ATUN CLARO OLIVA
2024-06-22,PIÑONES
2024-07-08,CEREAL RELL AVELLANA
2024-07-08,BARRA DE PAN 3 UDS
2024-07-08,6 HUEVOS COCIDOS
2024-07-08,PIZZA PROSCIUTTO
2024-07-08,BONITO NORTE ACEITE
2024-07-08,CEBOLLA CRUJIENTE
2024-07-08,ACEITE DE GIRASOL
2024-07-08,SALAMI PACK-4
2024-07-08,SAZONADOR BARBACOA
2024-07-08,MERLUZA REBOZADA
2024-07-08,CREMA CALABAZA
2024-07-08,TOMATE TROCEADO
2024-07-08,TOMATE TRITURADO
2024-07-08,BEBER FRESA-PLATANO
2024-07-08,SANDÍA PARTIDA B/S
2024-07-08,CEBOLLA 2 KG
2024-07-08,CALABACIN VERDE
2024-07-08,BERENJENA RAYADA GR
2024-07-08,PARKING
2024-07-15,PIPA GIGANTE SAL
2024-07-15,CRUNCHY CHOC
2024-07-15,GALLETA TOSTA-RICA
2024-07-15,FUET ESPETEC EXTRA
2024-07-15,CACAHUETE FRITO MIEL
2024-07-15,PARKING
2024-07-17,PATATAS GAJO
2024-07-17,RELLENO FAJITAS
2024-07-17,DELICIAS DE POLLO
2024-07-17,RELLENO KEBAB POLLO
2024-07-17,POLLO CRISPY
2024-07-17,BARRA DE PAN 3 UDS
2024-07-17,ZANAHORIA 500 G
2024-06-29,NATA MONTAR
2024-06-29,AGUACATE
2024-06-29,MELOCOTON AMARILLO
2024-07-09,NACHOS
2024-07-09,GUACAMOLE 200 G
2024-07-09,BOLSA PLASTICO
2024-07-09,PIZZA JAMON Y QUESO
2024-07-22,ALBARICOQUE
2024-07-22,PECHUGA FAMILIAR
2024-07-22,FINGERS DE QUESO
2024-07-22,POLLO CRISPY
2024-07-22,PIZZA DEEP PEPPERONI
2024-07-22,BURGER VACUNO GRUESA
2024-07-22,LECHE SEMI CALCIO
2024-07-22,MELOCOTON AMARILLO
2024-07-22,CALABACIN VERDE
2024-07-22,BERENJENA RAYADA GR
2024-07-26,GOFRE CHOCOLATE
2024-07-26,LONGANIZA MAGRO FRES
2024-07-26,FINGERS DE QUESO
2024-07-26,COSTILLA CARNOSA
2024-07-26,PALITOS SURIMI
2024-07-26,PRINGLES ORIGINAL
2024-07-26,MAYONESA HELLMANN?S
2024-07-26,C. COCIDO 100% NAT
2024-07-26,TOMATE CANARIO
2024-07-31,BARRA DE PAN
2024-07-31,GALLETA TOSTA-RICA
2024-07-31,DIVERKAO
2024-07-31,ALBONDIGAS 24 UNID.
2024-07-31,GALLETA MARIA
2024-08-02,LACTOVIT NUTRITIVO
2024-08-02,PLATANO
2024-06-25,DELICIAS DE POLLO
2024-06-25,FRESA-PASTEL DE QUES
2024-06-25,CHOCOLATE C/COOKIES
2024-06-25,RELLENO FAJITAS
2024-06-25,RELLENO KEBAB POLLO
2024-06-25,PATATAS GAJO
2024-06-25,ROLLO HOGAR DOBLE
2024-06-25,T.CHERRY PERA NEGRO
2024-06-25,ALMENDRA NATURAL
2024-06-25,NUEZ NATURAL
2024-06-25,ANACARDO NATURAL
2024-06-25,QUESO FRESCO VACA
2024-06-25,PECHUGA POLLO
2024-06-25,LOMO EMBUCHADO 4PACK
2024-06-25,MERLUZA REBOZADA
2024-06-25,CALAMAR PEQUEÑO
2024-06-25,PECHUGA PAVO BIPACK
2024-06-25,CEREZA 1 KG
2024-06-25,BARRA DE PAN 3 UDS
2024-06-25,PIZZA PROSCIUTTO
2024-06-25,SANDÍA PARTIDA B/S
2024-06-25,HORCHATA FRESCA
2024-06-25,MARGARINA
2024-06-25,ATUN CLARO OLIVA
2024-06-25,CORAZONES COGOLLO
2024-06-25,AGUACATE
2024-06-25,CIRUELA ROJA
2024-06-25,PARAGUAYO
2024-06-25,MELOCOTON AMARILLO
2024-07-24,PAPEL HIGIENICO 4 CA
2024-07-24,ARIEL LIQUIDO TOT
2024-07-24,INSECTICIDA AVISPAS
2024-07-24,POLLO CRISPY
2024-07-24,DELICIAS DE POLLO
2024-07-17,TORTILLAS MEXICANAS
2024-07-17,ROLLITO PRIMAVERA
2024-07-17,T.CHERRY PERA NEGRO
2024-07-17,BONITO NORTE A.OLIVA
2024-07-17,CORAZONES COGOLLO
2024-07-17,LECHE SABOR CANELA
2024-07-17,SALSA COCKTAIL 460ML
2024-07-17,MOSTAZA CLÁSICA
2024-07-17,HELICES VEGETALES
2024-07-17,CRACKERS
2024-07-17,YOGUR CON FRUTAS
2024-07-17,ESTROPAJO AZUL
2024-07-19,BOLSA RAFIA
2024-07-19,PATATA 3 KG
2024-07-19,SANDÍA PARTIDA B/S
2024-07-19,PIZZA DEEP PEPPERONI
2024-07-19,T.CHERRY PERA NEGRO
2024-07-19,TURRÓN
2024-07-19,FRESA-PASTEL DE QUES
2024-07-19,BURGER M VA/CE 1000G
2024-07-19,ZANAHORIA 500 G
2024-07-19,CORAZONES COGOLLO
2024-07-19,ARROZ INTEGRAL
2024-07-19,GNOCCHI QUESOS
2024-07-19,TOM.RECETA ARTESANA
2024-07-19,6 HUEVOS GRANDES-L
2024-07-19,MERLUZA REBOZADA
2024-07-19,CALAMAR PEQUEÑO
2024-07-19,MELOCOTON AMARILLO
2024-08-12,POLLO CRISPY
2024-08-12,HIELO COCKTAIL
2024-08-12,ATÚN
2024-08-12,ALISTADO MED
2024-08-12,GAMBA PELADA CRUDA
2024-08-12,ALMEJA PACIFIC
2024-08-12,PATATA CHURRERÍA
2024-08-12,45 BOLSAS DOGGYBAG
2024-08-12,BARRA DE PAN 3 UDS
2024-08-12,CC ZERO ZERO 2L
2024-08-12,12 HUEVOS CAMPEROS
2024-08-12,PECHUGUITA POLLO ASA
2024-08-12,PECHUGA PAVO 92%
2024-08-12,JAMÓN COCIDO 92%
2024-08-12,QUESO FRESCO VACA
2024-08-12,ARROZ FALLERA
2024-08-12,ZUMO DE NARANJA EXPR
2024-08-12,FUMET DE PESCADO
2024-08-12,TOMATE TRITURADO
2024-08-12,CACAHUETE FRITO
2024-08-12,PISTACHO TOSTADO SAL
2024-08-12,SALSA FINA KRAFT
2024-08-12,CALAMAR PEQUEÑO
2024-08-12,Q VIEJO TOSTADO
2024-08-12,Q SEMI MEZCLA
2024-08-12,CIRUELA CLAUDIA
2024-08-12,AJO SECO 250 G
2024-08-12,Q. RALLADO EMMENTAL
2024-08-12,PIMIENTO ROJO
2024-08-12,MELON PIEL SAPO
2024-08-12,PEPINO
2024-08-12,PARKING
2024-08-16,"NEVAL 6X1,5L"
2024-08-16,LECHE SEMI CALCIO
2024-08-16,PACK 8 TE LIMON
2024-08-16,COLA ZERO ZERO P-12
2024-08-16,GALLETA TOSTA-RICA
2024-08-16,BARRA DE PAN 3 UDS
2024-07-24,TEMPURA VERDURAS
2024-07-24,PIZZA DEEP AMERICANA
2024-07-24,COLA RAPE
2024-07-24,ALMEJA PACIFIC
2024-07-24,CORAZONES COGOLLO
2024-07-24,MELON SAPO PARTIDO
2024-07-24,CIRUELA CLAUDIA
2024-07-24,T.CHERRY PERA NEGRO
2024-07-24,ARROZ INTEGRAL
2024-07-24,ATUN CLARO OLIVA
2024-07-24,BONITO NORTE A.OLIVA
2024-07-24,ATÚN CLARO OLIVA PK6
2024-07-24,ARROZ FALLERA
2024-07-24,BARRA DE PAN 3 UDS
2024-07-24,PIZZA PROSCIUTTO
2024-07-24,TOM.RECETA ARTESANA
2024-07-24,ACEITUNA R/JALAPEÑO
2024-07-24,SALSA YOGURT
2024-07-24,ZANAHORIA BOLSA
2024-07-24,LOMO EMBUCHADO 4PACK
2024-07-24,SALAMI PACK-4
2024-07-24,CHORIZO PAMPLO 4 PAC
2024-07-24,QUESO FRESCO VACA
2024-07-24,PECHUGA PAVO 92%
2024-07-24,PECHUGUITA POLLO ASA
2024-07-24,CINTAS DE BACON
2024-07-24,GUACAMOLE 200 G
2024-07-24,6 HUEVOS COCIDOS
2024-07-24,12 HUEVOS CAMPEROS
2024-07-24,PEPINO
2024-07-24,PARAGUAYO
2024-07-24,PERA ERCOLINA
2024-07-27,TOMATE TRITURADO
2024-07-27,TOMATE TROCEADO
2024-07-27,GRISSINI
2024-07-27,HOJALDRE MANTEQUILLA
2024-07-27,PICOS CAMPERO
2024-07-27,LOCIÓN HIDRATA
2024-07-27,REC.AUT.ROPA LIMPIA
2024-07-27,BARRA DE PAN 3 UDS
2024-07-27,PATATA CHURRERÍA
2024-07-27,6 HUEVOS COCIDOS
2024-07-27,REBUENAS
2024-07-27,CRACKERS
2024-07-27,SOLOMILLO MARIN CONG
2024-07-27,AJO SECO 250 G
2024-07-27,SALMÓN AHUMADO
2024-07-27,LANGOSTINO COCIDO
2024-07-27,LEVADURA FRESCA
2024-07-27,ATUN CLARO OLIVA
2024-07-27,PATATA 3 KG
2024-07-27,PIMIENTO ROJO
2024-07-27,PIMIENTO VERDE
2024-07-27,AGUACATE
2024-07-31,SALTEADO DE POLLO
2024-07-31,POLLO CRISPY
2024-07-31,SALMÓN AHUMADO
2024-07-31,GAMBÓN EMPANADO
2024-07-31,MERLUZA REBOZADA
2024-07-31,PINCHO SIN VARILLA
2024-07-31,PINCHO MEXICANO
2024-07-31,BEBER FRESA-PLATANO
2024-07-31,GAZPACHO FRESCO
2024-07-31,SALSA BARBACOA
2024-07-31,SALSA E. ARGENTINO
2024-07-31,Q. RALLADO EMMENTAL
2024-07-31,Q VIEJO TOSTADO
2024-07-31,PIÑA EN SU JUGO P3
2024-07-31,TOMATE FRITO A.OLIVA
2024-07-31,Q SEMI MEZCLA
2024-07-31,JAMÓN SERRANO SOBRE
2024-07-31,PIZZA PROSCIUTTO
2024-07-31,GALLETA RELIEVE
2024-07-31,BARRA DE PAN
2024-07-31,GRISSINI SESAMO 2 U.
2024-07-31,CIRUELA CLAUDIA
2024-07-31,SALCHICHA FRANKFURT
2024-07-31,S.FRANKFURT BOCATA Q
2024-07-31,SALCHICHAS BOCADILLO
2024-07-31,LECHE SEMI CALCIO
2024-07-31,PARAGUAYO
2024-07-31,MELOCOTON AMARILLO
2024-07-31,MELON PIEL SAPO
2024-07-31,PARKING
2024-08-05,PIZZA PROSCIUTTO
2024-08-05,MACARRON
2024-08-05,TOM. RECETA ARTESANA
2024-08-05,JAMONCITOS DE POLLO
2024-08-05,TOM.RECETA ARTESANA
2024-08-05,QUICHE YORK + BACON
2024-08-05,HUMMUS CLASICO
2024-08-05,BURGER M VA/CE 1000G
2024-08-05,BURGER VACUNO GRUESA
2024-08-05,ALAS ENTERAS
2024-08-05,LASAÑA PRECOCIDA
2024-08-05,PATATA 3 KG
2024-08-05,NACHOS
2024-08-05,TEMPURA VERDURAS
2024-08-05,ZANAHORIA BOLSA
2024-08-05,ATÚN CLARO OLIVA PK6
2024-08-05,BONITO NORTE A.OLIVA
2024-08-05,SALSA COCKTAIL 460ML
2024-08-05,SALSA FINA KRAFT
2024-08-05,PAN HOT DOG
2024-08-05,GOFRE CHOCOLATE
2024-08-05,SAZONADOR BARBACOA
2024-08-05,GUACAMOLE 200 G
2024-08-05,MAXI HAMBURGUESA
2024-08-05,BARRA DE PAN 3 UDS
2024-08-05,PEPINO
2024-08-08,BARRA DE PAN 3 UDS
2024-08-08,PIZZA PROSCIUTTO
2024-08-08,RELLENO KEBAB POLLO
2024-08-08,POLLO CRISPY
2024-08-08,RELLENO FAJITAS
2024-08-08,DELICIAS DE POLLO
2024-08-08,40 B.MINI PAPELERA
2024-08-08,15 B.GRANDES C FACIL
2024-08-08,TOMATE TROCEADO
2024-08-08,TOMATE TRITURADO
2024-08-08,GAMBÓN EMPANADO
2024-08-08,SALMÓN AHUMADO
2024-08-08,Q. RALLADO EMMENTAL
2024-08-08,HUMMUS CLASICO
2024-08-08,MERLUZA REBOZADA
2024-08-08,QUESO FRESCO VACA
2024-08-08,GUACAMOLE 200 G
2024-08-08,PECHUGA PAVO 92%
2024-08-08,JAMÓN COCIDO 92%
2024-08-08,AZÚCAR MORENO 1KG
2024-08-08,PECHUGUITA POLLO ASA
2024-08-08,JAMÓN SERRANO SOBRE
2024-08-08,12 HUEVOS CAMPEROS
2024-08-08,6 HUEVOS COCIDOS
2024-08-08,ZANAHORIA BOLSA
2024-08-08,CEBOLLA TUBO
2024-08-08,TORTILLAS MEXICANAS
2024-08-08,ATUN CLARO OLIVA
2024-08-08,BONITO NORTE A.OLIVA
2024-08-08,T.CHERRY PERA NEGRO
2024-08-08,CORAZONES COGOLLO
2024-08-08,TOM.RECETA ARTESANA
2024-08-08,LECHE SEMI CALCIO
2024-08-08,MELOCOTON AMARILLO
2024-08-08,CIRUELA ROJA
2024-08-08,MELON PIEL SAPO
2024-08-08,PARKING
2024-08-14,PIZZA DEEP PEPPERONI
2024-08-14,PIZZA DEEP AMERICANA
2024-08-14,LOMO ADOBADO
2024-08-14,BURGER M VA/CE 500G
2024-08-14,BURGER VACUNO GRUESA
2024-08-14,TERNERA EXTRATIERNA
2024-08-14,PECHUGA FAMILIAR
2024-08-14,BARRA DE PAN
2024-08-14,TORTILLAS MEXICANAS
2024-08-14,QUESO HAVARTI LIGHT
2024-08-14,NACHOS
2024-08-14,PAN CRISTAL 4UDS
2024-08-14,CHULETA AGUJA
2024-08-14,GUACAMOLE 200 G
2024-08-14,CHILI CON CARNE
2024-08-14,SALSA MEXICANA
2024-08-14,JABON TIERNOS RECUER
2024-08-14,ROLLO HOGAR DOBLE
2024-08-14,ROLLO COCINA GIGANTE
2024-08-14,PIMIENTO ROJO
2024-08-14,PIMIENTO VERDE
2024-08-19,PAPEL HIGIENICO 4 CA
2024-08-19,MARIAS DORADAS
2024-08-19,LONCHA JAMON SERRANO
2024-08-19,EMBUTIDO LONCHEADO
2024-08-19,JAMÓN COCIDO 92%
2024-08-19,QUESO HAVARTI LIGHT
2024-08-19,PECHUGA PAVO 92%
2024-08-19,LONCHA JAMON SERRANO
2024-08-19,COTTONLIKE SÚPER C/A
2024-08-19,BOLSAS ZIP 5L
2024-08-19,Q. RALLADO EMMENTAL
2024-08-19,CINTAS DE BACON
2024-08-19,PAN BLANCO
2024-08-19,ROLLON ALOE VERA
2024-08-19,DESODORANTE ROLL-ON
2024-08-19,PRE. DAME PLACER
2024-08-19,ENVASE RELLENABLE
2024-08-19,KETCHUP
2024-08-19,PILA ALCALINA LR6
2024-08-28,BARRA DE PAN 3 UDS
2024-08-28,PIZZA PROSCIUTTO
2024-08-28,GALLETA TOSTA-RICA
2024-08-28,MUSLO DESHUESADO
2024-08-28,PECHUGUITA POLLO ASA
2024-08-28,PECHUGA PAVO 92%
2024-08-28,MUSLO DESHUESADO
2024-08-28,BEBER FRESA-PLATANO
2024-08-28,QUESO FRESCO VACA
2024-08-28,SALMÓN AHUMADO
2024-08-28,PALOMIT. MANTEQUILLA
2024-08-28,TORTILLA PAT C/CEB
2024-08-16,ACEITUNA R/JALAPEÑO
2024-08-16,GALLETA RELIEVE
2024-08-16,PECHUGA PAVO 92%
2024-08-16,LONGANIZA MAGRO FRES
2024-08-16,FUET ESPETEC EXTRA
2024-08-16,QUESO FRESCO VACA
2024-08-16,6 HUEVOS CAMPEROS
2024-08-16,ALAS ENTERAS
2024-08-16,PATATA 3 KG
2024-08-17,SANDÍA PARTIDA B/S
2024-08-17,PAN RALLADO CASERO
2024-08-17,PAPEL VEGETAL 30H
2024-08-17,T.CHERRY PERA NEGRO
2024-08-17,GARBANZOS
2024-08-17,PECHUGA FAMILIAR
2024-08-17,SOLOMILLO MARIN CONG
2024-08-17,C. COCIDO 100% NAT
2024-08-17,LONGANIZA ROJA
2024-08-17,MORCILLA CEB. OREADA
2024-08-17,COSTILLA CARNOSA
2024-08-17,ARROZ FALLERA
2024-08-17,TOMATE CANARIO
2024-08-31,SANDÍA PARTIDA B/S
2024-08-31,PACK 8 ISOT NARANJA
2024-08-31,BURGER VACUNO GRUESA
2024-08-31,ACEITUNA R/JALAPEÑO
2024-08-31,6 HUEVOS COCIDOS
2024-08-31,Q SEMI MEZCLA
2024-08-31,Q VIEJO TOSTADO
2024-08-31,QUESO FRESCO VACA
2024-08-31,FUMET DE PESCADO
2024-08-31,MAXI HAMBURGUESA
2024-08-31,CORAZONES COGOLLO
2024-08-31,BARRA DE PAN 3 UDS
2024-08-31,Q. RALLADO EMMENTAL
2024-08-31,ANACARDO NATURAL
2024-08-31,SALSA CESAR
2024-08-31,BONITO NORTE A.OLIVA
2024-08-31,SALSA YOGURT
2024-08-31,T.CHERRY PERA NEGRO
2024-08-31,ALMEJA PACIFIC
2024-08-31,LOMO EMBUCHADO 4PACK
2024-08-31,PECHUGUITA POLLO ASA
2024-08-31,ATÚN
2024-08-31,CALAMAR PEQUEÑO
2024-08-31,LOTE 3 BAYETAS PEQ.
2024-08-31,PATATA 3 KG
2024-08-31,PIMIENTO ROJO
2024-08-31,AGUACATE
2024-09-10,PAPEL HIGIENICO 4 CA
2024-09-10,JAMÓN SERRANO SOBRE
2024-09-10,LOMO EMBUCHADO 4PACK
2024-09-10,PECHUGA PAVO 92%
2024-09-10,PECHUGUITA POLLO ASA
2024-09-10,LACTOVIT NUTRITIVO
2024-09-10,LAVAVAJ. TODO EN
2024-09-10,PIÑA EN SU JUGO P3
2024-09-10,CAPSULA CAFÉ C/LECHE
2024-09-10,ESCALOPIN SALMON
2024-09-10,FILETE DE SALMON
2024-09-10,BONITO NORTE A.OLIVA
2024-09-10,TOMATE NATURAL RALLA
2024-09-10,CHAMPIÑON PORTOBELLO
2024-09-10,ALAS ENTERAS
2024-09-10,POLLO CRISPY
2024-09-10,JAMONCITOS DE POLLO
2024-08-28,MERLUZA REBOZADA
2024-08-28,AJOS TIERNOS
2024-08-28,LASAÑA PRECOCIDA
2024-08-28,BURGER M VA/CE 1000G
2024-08-28,BONITO NORTE A.OLIVA
2024-08-28,12 HUEVOS CAMPEROS
2024-08-28,T.CHERRY PERA NEGRO
2024-08-28,CORAZONES COGOLLO
2024-08-28,ZANAHORIA BOLSA
2024-08-28,GUACAMOLE 200 G
2024-08-28,CEBOLLA TIERNA
2024-08-28,CHAMPÚ PERRO GATO
2024-08-28,CIRUELA CLAUDIA
2024-08-28,LECHE SEMI CALCIO
2024-08-28,MELOCOTON AMARILLO
2024-08-28,PARAGUAYO
2024-08-28,MELON PIEL SAPO
2024-09-03,RELLENO FAJITAS
2024-09-03,SALTEADO VERD. ASADA
2024-09-03,ESPARRAGO VERDE TROC
2024-09-03,AJOS TIERNOS
2024-09-03,POLLO CRISPY
2024-09-03,TEMPURA VERDURAS
2024-09-03,GALLETA TOSTA-RICA
2024-09-03,BASTONCILLO FAMIL
2024-09-03,SALMÓN AHUMADO
2024-09-03,SALMÓN AHUMADO
2024-09-03,TORREZNO MORRO
2024-09-03,CREMA CALABAZA
2024-09-03,GALLETA CARAMELIZADA
2024-09-03,PIZZA PROSCIUTTO
2024-09-03,PAN SEMILLAS
2024-09-03,MACARRON
2024-09-03,QUESO FRESCO VACA
2024-09-03,QUESO HAVARTI LIGHT
2024-09-03,BEBER FRESA-PLATANO
2024-09-03,PIÑA EN SU JUGO P3
2024-09-03,ALCACHOFA MEDIANA
2024-09-03,ESPÁRRAGO CORTO
2024-09-03,HUMMUS CLASICO
2024-09-03,F.LECHE TROPICAL P3
2024-09-03,PINCHO SIN VARILLA
2024-09-03,PINCHO SIN VARILLA
2024-09-03,JAMÓN SERRANO SOBRE
2024-09-03,CHULETA AGUJA
2024-09-03,BURGER M VA/CE 1000G
2024-09-03,BONITO NORTE A.OLIVA
2024-09-03,T.CHERRY PERA NEGRO
2024-09-03,GUACAMOLE 200 G
2024-09-03,TOMATE NATURAL RALLA
2024-09-03,TOMATE FRITO A.OLIVA
2024-09-03,PECHUGA PAVO 92%
2024-09-03,JAMÓN COCIDO 92%
2024-09-03,PECHUGUITA POLLO ASA
2024-09-03,PISTACHO TOSTADO SAL
2024-09-03,ALMENDRA NATURAL
2024-09-03,ZANAHORIA BOLSA
2024-09-03,CACAHUETE FRITO
2024-09-03,BROTES TIERNOS MAXI
2024-09-03,NUEZ NATURAL
2024-09-03,BURGER VACUNO GRUESA
2024-09-03,TORTILLAS MEXICANAS
2024-09-03,LOMO EMBUCHADO 4PACK
2024-09-03,6 HUEVOS CAMPEROS
2024-09-03,SALCHICHA FRANKFURT
2024-09-03,LECHE SEMI CALCIO
2024-09-03,MELOCOTON AMARILLO
2024-09-03,PEPINO
2024-09-03,MELON PIEL SAPO
2024-09-03,PARKING
2024-09-07,PAPEL HIGIENICO 4 CA
2024-09-07,ROLLO HOGAR DOBLE
2024-09-07,BROTES TIERNOS
2024-09-07,TEMPURA VERDURAS
2024-09-07,PIÑA EN SU JUGO P3
2024-09-07,5 BOCADILLOS
2024-09-07,CALDO POLLO 24 PAS
2024-09-07,SALTEADO VERD. ASADA
2024-09-07,F. PLANCHA/GUISAR
2024-09-07,F. PLANCHA/GUISAR
2024-09-07,PECHUGA FAMILIAR
2024-09-07,MERLUZA REBOZADA
2024-09-07,T.CHERRY PERA NEGRO
2024-09-07,QUESO FRESCO VACA
2024-09-07,PECHUGA PAVO 92%
2024-09-07,ALAS ENTERAS
2024-09-07,MARGARINA
2024-09-07,COSTILLA CARNOSA
2024-09-07,ARROZ FALLERA
2024-09-07,PIZZA PROSCIUTTO
2024-09-07,HUMMUS CLASICO
2024-09-07,AZAFRAN MOLIDO
2024-09-07,6 HUEVOS COCIDOS
2024-09-07,TOMATE TROCEADO
2024-09-07,TOMATE TRITURADO
2024-09-07,C. COCIDO 100% NAT
2024-09-07,12 HUEVOS CAMPEROS
2024-09-07,CALABACIN VERDE
2024-09-07,PERA ERCOLINA
2024-09-07,PIMIENTO ROJO
2024-09-07,PLATANO
2024-09-07,MELOCOTON AMARILLO
2024-09-07,AGUACATE
2024-11-04,BROTES TIERNOS
2024-11-04,PIZZA PROSCIUTTO
2024-11-04,SALCHICHAS BOCADILLO
2024-11-04,QUESO HAVARTI LIGHT
2024-11-04,RICOTTA
2024-11-04,PLATANO
2024-11-04,MELOCOTON AMARILLO
2024-11-04,CALABACIN VERDE
2024-11-04,PERA ERCOLINA
2024-11-04,AGUACATE
2024-11-04,PERSIMON
2024-11-23,PAPEL HIGIENICO 4 CA
2024-11-23,5 BOCADILLOS
2024-11-23,ARROZ FALLERA
2024-11-23,QUESO HAVARTI LIGHT
2024-11-23,COCIDO
2024-11-23,COSTILLA CARNOSA
2024-11-23,ARREGLO PUCHERO
2024-11-23,PAN SEMILLAS
2024-11-23,JAMÓN SERRANO SOBRE
2024-11-23,PECHUGUITA POLLO ASA
2024-11-23,PECHUGA PAVO 92%
2024-11-23,CUARTO TRASERO 2 UND
2024-11-23,RICOTTA
2024-11-23,PELOTA ALICANTINA
2024-11-23,Q SEMI MEZCLA
2024-11-23,MORCILLA CEB. OREADA
2024-11-23,CHORIZO OREADO
2024-11-23,Q VIEJO TOSTADO
2024-11-23,TOMATE TRITURADO
2024-09-10,GALLETA CARAMELIZADA
2024-09-10,GALLETA TOSTA-RICA
2024-09-10,HELICES VEGETALES
2024-09-10,SALSA FINA KRAFT
2024-09-10,LECHE SEMI P6
2024-09-10,SANDÍA PARTIDA B/S
2024-09-10,CREMA CALABAZA
2024-09-10,12 HUEVOS CAMPEROS
2024-09-10,BROTES TIERNOS
2024-09-10,CEBOLLA 2 KG
2024-09-10,SAZONADOR BARBACOA
2024-09-10,S. HIERBAS PROVENZAL
2024-09-10,AGUACATE
2024-09-10,MELOCOTON AMARILLO
2024-09-10,PIMIENTO ROJO
2024-09-17,FLTE BACALAO
2024-09-17,ALCACHOFA CORTADA
2024-09-17,ARIEL LIQUIDO TOT
2024-09-17,BEBER FRESA-PLATANO
2024-09-17,SNACK PIPAS
2024-09-17,TOALL.BEBE FRESC.80
2024-09-17,GALLETA TOSTA-RICA
2024-09-17,LEVADURA FRESCA
2024-09-17,GALLETA CARAMELIZADA
2024-09-17,PECHUGA PAVO 92%
2024-09-17,ALPRO SKYR FRESA
2024-09-17,SOJA ARÁNDANOS ALPRO
2024-09-17,BÍFIDUS 0% FRUT SILV
2024-09-17,12 HUEVOS CAMPEROS
2024-09-17,PECHUGUITA POLLO ASA
2024-09-17,QUESO HAVARTI LIGHT
2024-09-17,BURGER M VA/CE 1000G
2024-09-17,VENTRESCA ATUN CLARO
2024-09-17,ALAS ENTERAS
2024-09-17,JAMONCITOS DE POLLO
2024-09-17,CREMA CALABAZA
2024-09-17,CEBOLLA CRUJIENTE
2024-09-17,F.LECHE TROPICAL P3
2024-09-17,CEREAL RELL AVELLANA
2024-09-17,HARINA DE GARBANZO
2024-09-17,HUMMUS CLASICO
2024-09-17,SALSA COCKTAIL 460ML
2024-09-17,LOMO EMBUCHADO 4PACK
2024-09-17,ATUN CLARO OLIVA
2024-09-17,SALSA E. ARGENTINO
2024-09-17,RICOTTA
2024-09-17,6 HUEVOS COCIDOS
2024-09-17,T.CHERRY PERA NEGRO
2024-09-17,PATATA MALLA 2 KG
2024-09-17,BROTES TIERNOS MAXI
2024-09-17,CALABACIN VERDE
2024-09-17,TOMATE ENSALADA
2024-09-17,BERENJENA
2024-10-11,CRACKERS
2024-10-11,PECHUGUITA POLLO ASA
2024-10-11,PECHUGA PAVO 92%
2024-10-11,BURGER VACUNO GRUESA
2024-10-11,BEBER FRESA-PLATANO
2024-10-11,PIZZA DEEP PEPPERONI
2024-10-11,PIZZA PROSCIUTTO
2024-10-11,LEJIA CON DETERGENTE
2024-10-11,ANITINES TOM/OREGANO
2024-10-11,PAN SEMILLAS
2024-10-11,GALLETA CARAMELIZADA
2024-10-11,PATATAS GAJO
2024-10-11,BÍFIDUS 0% FRUT SILV
2024-10-11,GALLETA TOSTA-RICA
2024-10-11,BONITO NORTE A.OLIVA
2024-10-11,REBUENAS
2024-10-11,NIDOS AL HUEVO
2024-10-11,TOM. RECETA ARTESANA
2024-10-11,PAN HOT DOG
2024-10-11,5 BOCADILLOS
2024-10-11,QUESO FRESCO VACA
2024-10-11,QUESO HAVARTI LIGHT
2024-10-11,TOMATE FRITO BRICK
2024-10-11,MAXI HAMBURGUESA
2024-10-11,GAJO RÚSTICA
2024-10-11,CEBOLLA TUBO
2024-10-11,ATÚN CLARO OLIVA PK6
2024-10-11,SALSA COCKTAIL 460ML
2024-10-11,RICOTTA
2024-10-11,GUACAMOLE 200 G
2024-10-14,LECHE SEMI CALCIO
2024-10-14,CINTAS DE BACON
2024-10-14,BURGER M VA/CE 1000G
2024-10-14,PECHUGA FAMILIAR
2024-10-14,ATUN CLARO OLIVA
2024-10-14,BONITO NORTE A.OLIVA
2024-10-14,Q VIEJO TOSTADO
2024-10-14,Q SEMI MEZCLA
2024-10-14,CHORIZO PICANT 4 PAC
2024-10-14,JAMÓN SERRANO SOBRE
2024-10-14,LOMO EMBUCHADO 4PACK
2024-10-14,GRIEGO NATURAL P-6
2024-10-14,QUESO BURGOS ENTERO
2024-10-14,TOMATE TROCEADO
2024-10-14,SOLOMILLO MARIN CONG
2024-10-14,PORCIÓN REGULAR
2024-10-14,TOM.RECETA ARTESANA
2024-10-14,Q. RALLADO EMMENTAL
2024-10-14,GALLETA TOSTA-RICA
2024-10-14,REBUENAS
2024-10-14,BROTES TIERNOS MAXI
2024-10-14,12 HUEVOS CAMPEROS
2024-10-14,CEBOLLA TIERNA
2024-10-14,PECHUGUITA POLLO ASA
2024-10-14,GIRASOLES QUESOS
2024-10-14,TORTELLONI CARNE
2024-10-14,QUESO HAVARTI LIGHT
2024-10-14,CREMA VERDURAS
2024-10-14,CREMA ESPÁRRAGOS
2024-10-14,CREMA DE CALABAZA
2024-10-14,CREMA CALABACÍN
2024-10-14,6 HUEVOS COCIDOS
2024-10-14,PAN SEMILLAS
2024-10-14,CHAMPIÑON BANDEJA P
2024-10-14,MAXI HAMBURGUESA
2024-10-14,SOJA ARÁNDANOS ALPRO
2024-10-14,NATA PARA COCINAR
2024-10-14,PUERROS
2024-10-14,PLATANO
2024-10-14,PERA ERCOLINA
2024-10-14,CALABACIN VERDE
2024-10-14,MELOCOTON AMARILLO
2024-10-14,PERSIMON
2024-10-30,L.CASEI 0% FRESA
2024-10-30,BURGER CON QUESO
2024-11-12,LECHE SEMI CALCIO
2024-11-12,TEMPURA VERDURAS
2024-11-12,PIÑA EN SU JUGO P3
2024-11-12,ALISTADO MED
2024-10-26,GALLETA CARAMELIZADA
2024-10-26,COUS COUS
2024-10-26,REBUENAS
2024-10-26,SNACK CHOCOLATE
2024-10-26,SNACK PIPAS
2024-10-26,FIDEO CABELLO
2024-10-26,BEBER FRESA-PLATANO
2024-10-26,5 BOCADILLOS
2024-10-26,PAN SEMILLAS
2024-10-26,MACARRON
2024-10-26,PICATOSTE FRITO
2024-10-26,F.LECHE TROPICAL P3
2024-10-26,MAXI HAMBURGUESA
2024-10-26,JAMÓN SERRANO SOBRE
2024-10-26,PECHUGA PAVO 92%
2024-10-26,PECHUGUITA POLLO ASA
2024-10-26,BURGER M VA/CE 1000G
2024-10-26,QUESO HAVARTI LIGHT
2024-10-26,PELOTA ALICANTINA
2024-10-26,CALAMAR PEQUEÑO
2024-10-26,MERLUZA REBOZADA
2024-10-26,VENTRESCA ATUN CLARO
2024-10-26,RICOTTA
2024-10-26,MARGARINA
2024-10-26,PIZZA PROSCIUTTO
2024-10-26,ATUN CLARO OLIVA
2024-10-26,ARREGLO PUCHERO
2024-10-26,T.CHERRY PERA NEGRO
2024-10-26,6 HUEVOS COCIDOS
2024-10-26,6 HUEVOS CAMPEROS
2024-10-26,COCIDO
2024-10-26,TOM. RECETA ARTESANA
2024-10-26,ZANAHORIA BOLSA
2024-10-26,LECHE SEMI CALCIO
2024-11-15,PETIT DE BOLSILLO FR
2024-11-15,LS SPAGHETTI CARB.
2024-11-19,PANETTONE CHOCOLATE
2024-11-19,GARBANZO M.COCIDO
2024-11-19,TOM. RECETA ARTESANA
2024-11-19,CEREAL RELLENO LECHE
2024-11-19,SALSA YOGURT
2024-11-19,REC.AUT.ROPA LIMPIA
2024-11-19,SALSA CESAR
2024-11-19,GALLETA CARAMELIZADA
2024-11-19,12 HUEVOS CAMPEROS
2024-11-19,SOJA ARÁNDANOS ALPRO
2024-11-19,ALPRO NAT SOJA COCO
2024-11-19,CRACKERS
2024-11-19,GALLETA TOSTA-RICA
2024-11-19,5 BOCADILLOS
2024-11-19,LOMO EMBUCHADO 4PACK
2024-11-19,PECHUGA PAVO 92%
2024-11-19,PECHUGUITA POLLO ASA
2024-11-19,SOLOMILLO PROVENZAL
2024-11-19,PINCHO SIN VARILLA
2024-11-19,PINCHO SIN VARILLA
2024-11-19,Q RALLADO EMMENTAL
2024-11-19,6 HUEVOS COCIDOS
2024-11-19,CEBOLLA TUBO
2024-11-19,CEBOLLA CRUJIENTE
2024-11-19,QUESO GRANA PADANO
2024-11-19,MERLUZA REBOZADA
2024-11-19,RICOTTA
2024-11-19,GUACAMOLE 200 G
2024-11-19,PATATA 3 KG
2024-11-19,LECHE SEMI CALCIO
2024-11-19,PERSIMON
2024-11-12,MUSLO DESHUESADO
2024-11-12,ALAS ENTERAS
2024-11-12,CREMA DE CALABAZA
2024-11-12,CREMA CALABACÍN
2024-11-12,CREMA VERDURAS
2024-11-12,PISTACHO TOSTADO SAL
2024-11-12,PAN SEMILLAS
2024-11-12,PIPA GIGANTE SAL
2024-11-12,SNACK PIPAS
2024-11-12,PIZZA PROSCIUTTO
2024-11-12,SOJA ARÁNDANOS ALPRO
2024-11-12,MARGARINA
2024-11-12,CUARTO CERTIFICADO
2024-11-12,PALOMIT. MANTEQUILLA
2024-11-12,PICATOSTE FRITO
2024-11-12,LOMO EMBUCHADO 4PACK
2024-11-12,6 HUEVOS COCIDOS
2024-11-12,ALPRO NAT SOJA COCO
2024-11-12,REC.AUT.ROPA LIMPIA
2024-11-12,APIO VERDE
2024-11-12,Q RALLADO EMMENTAL
2024-11-12,ALMENDRA NATURAL
2024-11-12,S. HIERBAS PROVENZAL
2024-11-12,SAZONADOR BARBACOA
2024-11-12,12 HUEVOS CAMPEROS
2024-11-12,NUEZ NATURAL
2024-11-12,TORTELLONI CARNE
2024-11-12,SOLOMILLO PROVENZAL
2024-11-12,QUESO BURGOS ENTERO
2024-11-12,Q SEMI MEZCLA
2024-11-12,CORAZONES COGOLLO
2024-11-12,ANACARDO NATURAL
2024-11-12,PECHUGUITA POLLO ASA
2024-11-12,JAMÓN SERRANO SOBRE
2024-11-12,FIDEO CABELLO
2024-11-12,RICOTTA
2024-11-12,T.CHERRY PERA NEGRO
2024-11-12,Q VIEJO TOSTADO
2024-11-12,BONITO NORTE A.OLIVA
2024-11-12,CEBOLLA TUBO
2024-11-12,NARANJA MALLA 3 KG
2024-11-12,PLATANO
2024-11-12,AGUACATE
2024-11-12,PERSIMON
2024-11-20,POLLO CURRY C/ARROZ
2024-11-20,L.CASEI 0% FRESA
2024-12-09,PAPEL HIGIENICO 4 CA
2024-12-09,PAN SEMILLAS
2024-12-09,TORTITAS ARROZ YOGUR
2024-12-09,PAÑUELOS 4 CAP 10X10
2024-12-09,5 BOCADILLOS
2024-12-09,BEBER FRESA-PLATANO
2024-12-09,CREMA VERDURAS
2024-12-09,ATUN CLARO OLIVA
2024-12-09,BONITO NORTE A.OLIVA
2024-12-09,CREMA DE CALABAZA
2024-12-09,MARGARINA
2024-12-09,CEREAL RELLENO LECHE
2024-12-09,PECHUGA PAVO 92%
2024-12-09,PECHUGUITA POLLO ASA
2024-12-09,QUESO BURGOS ENTERO
2024-12-09,CREMA CALABACÍN
2024-12-09,ALPRO NAT SOJA COCO
2024-12-09,RICOTTA
2024-12-09,6 HUEVOS CAMPEROS
2024-12-09,CALAMAR PEQUEÑO
2024-11-30,LECHE SEMI CALCIO
2024-11-30,BARRA DE PAN 3 UDS
2024-11-30,COLA ZERO ZERO P-12
2024-11-30,5 BOCADILLOS
2024-11-30,TINTO VERANO LIMÓN
2024-11-30,C.ÁGUILA S/FIL P-6
2024-11-30,HEINEKEN P-6
2024-11-30,PAN HOT DOG
2024-11-30,BURGER VACUNO CERDO
2024-11-30,BURGER VACUNO GRUESA
2024-11-30,MAXI HAMBURGUESA
2024-11-30,HAMB VACA MADURADA
2024-11-30,PECHUGA PAVO 92%
2024-11-30,PECHUGUITA POLLO ASA
2024-11-30,PAN RALLADO CASERO
2024-11-30,SOLOMILLO CERDO
2024-11-30,RICOTTA
2024-11-30,CHAMPIÑON PORTOBELLO
2024-11-30,PIMIENTO ROJO
2024-12-03,SALTEADO DE SETAS
2024-12-03,SAZONADOR BARBACOA
2024-12-03,S. HIERBAS PROVENZAL
2024-12-03,BOLSA PLASTICO
2024-12-03,SALTEADO VERD. ASADA
2024-12-03,DELICIAS DE POLLO
2024-12-03,POLLO CRISPY
2024-12-03,TEMPURA VERDURAS
2024-12-03,JAMONCITOS DE POLLO
2024-12-03,ALAS ENTERAS
2024-12-03,PIZZA PROSCIUTTO
2024-12-03,TORTELLONI CARNE
2024-12-03,PACK 8 ISOT NARANJA
2024-12-03,BAGUETTE
2024-12-03,CEREAL RELLENO LECHE
2024-12-03,SALMÓN AHUMADO
2024-12-03,AGUA DE AZAHAR
2024-12-03,KETCHUP
2024-12-03,TOMATE TRITURADO
2024-12-11,PETIT DE BOLSILLO FR
2024-12-11,LS MAC BOLOÑESA
2024-12-11,LS POLLO REBOZADO
2024-09-14,LECHE SEMI CALCIO
2024-09-14,ACEITE DE GIRASOL
2024-09-14,BARRA DE PAN 3 UDS
2024-09-14,GALLETA CARAMELIZADA
2024-09-14,CRACKERS
2024-09-14,MAXI HAMBURGUESA
2024-09-14,5 BOCADILLOS
2024-09-14,ESPARRAGO VERDE TROC
2024-09-14,AJOS TIERNOS
2024-09-14,NUEZ NATURAL
2024-09-14,ANACARDO NATURAL
2024-09-14,ALMENDRA NATURAL
2024-09-14,SALTEADO VERD. ASADA
2024-09-14,BURGER VACUNO
2024-09-14,CUARTO CERTIFICADO
2024-09-14,QUESO FRESCO PACK
2024-09-14,ARREGLO PUCHERO
2024-09-14,QUESO HAVARTI LIGHT
2024-09-14,CHULETA AGUJA
2024-09-14,RICOTTA
2024-09-14,SALCHICHA FRANKFURT
2024-09-14,S.FRANKFURT BOCATA Q
2024-09-14,ROLLON ALOE VERA
2024-09-14,SALCHICHAS BOCADILLO
2024-09-14,LECHE SEMI P6
2024-12-09,BURGER VACUNO GRUESA
2024-12-09,PICATOSTE FRITO
2024-12-09,MEZCLA 4 QUESOS
2024-12-09,+ PROTEÍNA ARANDANOS
2024-12-09,6 HUEVOS COCIDOS
2024-12-09,BROTES TIERNOS MAXI
2024-12-09,T.CHERRY PERA NEGRO
2024-12-09,MANDARINA HOJA
2024-12-09,CREMA CALABAZA
2024-12-09,PAN RALLADO CASERO
2024-12-09,LOMO EMBUCHADO 4PACK
2024-12-09,PIZZA PROSCIUTTO
2024-12-09,CORAZONES COGOLLO
2024-12-09,QUESO HAVARTI LIGHT
2024-12-09,PECHUGA FAMILIAR
2024-12-09,MUSLO DESHUESADO
2024-12-09,MAXI HAMBURGUESA
2024-12-09,PATATA MALLA 2 KG
2024-12-09,NARANJA MALLA 3 KG
2024-12-09,LECHE SEMI CALCIO
2024-12-09,GUACAMOLE 200 G
2024-12-09,CALABACIN VERDE
2024-12-09,PERSIMON
2024-12-09,COL LOMBARDA
2024-12-14,TINTO LA CASERA
2024-12-14,NACHOS
2024-12-14,ALMENDRA NATURAL
2024-12-14,BURGER M VA/CE 500G
2024-12-14,MEZCLA 4 QUESOS
2024-12-14,PIZZA PROSCIUTTO
2024-12-14,SALSA MEXICANA
2024-12-14,Q RALLADO EMMENTAL
2024-12-14,GUACAMOLE 200 G
2024-12-14,PLATANO
2024-12-19,BURGER CON QUESO
2024-12-19,LS POLLO REBOZADO
2024-12-19,T. CREAM AVELLANA
2024-12-19,PETIT DE BOLSILLO FR
2024-12-19,SURTIDO DULCES
2024-09-24,PATATA PREFREG. FINA
2024-09-24,HELICES VEGETALES
2024-09-24,PATATAS GAJO
2024-09-24,PIZZA DEEP PEPPERONI
2024-09-24,PIZZA DEEP AMERICANA
2024-09-24,PILA ALCALINA LR03
2024-09-24,PILA ALCALINA LR6
2024-09-24,RELLENO FAJITAS
2024-09-24,BEBER FRESA-PLATANO
2024-09-24,GARBANZO M.COCIDO
2024-09-24,SOJA ARÁNDANOS ALPRO
2024-09-24,ALPRO SKYR FRESA
2024-09-24,ROLLON ALOE VERA
2024-09-24,40 B.MINI PAPELERA
2024-09-24,SNACK PIPAS
2024-09-24,PATATA CHURRERÍA
2024-09-24,MAXI HAMBURGUESA
2024-09-24,PAN SEMILLAS
2024-09-24,FILETE DE SALMON
2024-09-24,FILETE DE SALMON
2024-09-24,GALLETA CARAMELIZADA
2024-09-24,6 HUEVOS COCIDOS
2024-09-24,ALMENDRA NATURAL
2024-09-24,ANACARDO NATURAL
2024-09-24,NUEZ NATURAL
2024-09-24,LOMO EMBUCHADO 4PACK
2024-09-24,PECHUGUITA POLLO ASA
2024-12-12,CAFÉ LECHE CAPPUCCIN
2024-12-12,CROISSANT CACAO
2024-12-12,FUSSION BURBUJAS
2024-12-12,LS SPAGHETTI CARB.
2024-12-21,GEL LIMPIADOR BAÑO
2024-12-21,BEBER FRESA-PLATANO
2024-12-21,SANGRE DE JUDAS
2024-12-21,PECHUGUITA POLLO ASA
2024-12-21,PECHUGA PAVO 92%
2024-12-21,CHORIZO CEBO LONCHAS
2024-12-21,T. CREAM AVELLANA
2024-12-21,CEREAL RELLENO LECHE
2024-12-21,PAN TOSTADO PASAS
2024-12-21,QUESO HAVARTI LIGHT
2024-12-21,MINI TOSTAS NORMALES
2024-12-21,MINI BISCOTTE NORMAL
2024-12-21,QUESO BURGOS ENTERO
2024-12-21,POLLO CRISPY
2024-12-21,Q SEMI MEZCLA
2024-12-21,PATE TRUFA Y ARAND
2024-12-21,PATE FRESCO F HIERBA
2024-12-21,PATE FRESCO PIMIENTA
2024-12-21,LS SPAGHETTI CARB.
2024-12-21,PUERROS
2024-12-21,ZANAHORIA BOLSA
2024-12-21,PIZZA PROSCIUTTO
2024-12-21,QUESO BLANCO NATURAL
2024-12-21,RICOTTA
2024-12-21,CREMA CALABACÍN
2024-12-21,CAVIART.SUCED.NEGRO
2024-12-21,PATATA VAPOR
2024-12-21,T.CHERRY PERA NEGRO
2024-12-21,GUACAMOLE 200 G
2024-12-21,CREMA VERDURAS
2024-12-21,BROTES TIERNOS
2024-12-21,SALMÓN AHUMADO
2024-12-21,SALMÓN AHUMADO
2024-12-21,CORAZONES COGOLLO
2024-12-21,LECHE SEMI CALCIO
2024-09-21,PAÑUELOS 4 CAP 10X10
2024-09-21,CARGADOR MACH3 S.
2024-09-21,GEL AFEITAR
2024-09-21,SAL YODADA
2024-09-21,REC.AUT.ROPA LIMPIA
2024-09-21,ACTIVADOR R COLOR
2024-09-21,PATATA CHURRERÍA
2024-09-21,ARROZ FALLERA
2024-09-21,ACEITUNA R/JALAPEÑO
2024-09-21,COTTONLIKE SÚPER C/A
2024-09-21,FIDEUA CURVA
2024-09-21,TOMATE TRITURADO
2024-09-21,BARRA DE PAN 3 UDS
2024-09-21,5 BOCADILLOS
2024-09-21,NUEZ NATURAL
2024-09-21,ALMENDRA NATURAL
2024-09-21,PISTACHO TOSTADO SAL
2024-09-21,ANACARDO NATURAL
2024-09-21,ATÚN
2024-09-21,CREMA VERDURAS
2024-09-21,PATATA MALLA 2 KG
2024-09-21,GAMBA PELADA CRUDA
2024-09-21,ALMEJA PACIFIC
2024-09-21,CALAMAR PEQUEÑO
2024-09-21,BONITO NORTE A.OLIVA
2024-09-21,QUESO FRESCO PACK
2024-09-21,BROTES TIERNOS
2024-09-14,ALPRO SKYR FRESA
2024-09-14,TOMATE TROCEADO
2024-09-14,TOMATE TRITURADO
2024-09-14,FUMET DE PESCADO
2024-09-14,TOM. RECETA ARTESANA
2024-09-14,+ PROTEÍNA ARANDANOS
2024-09-14,JAMÓN SERRANO SOBRE
2024-09-14,MORCILLA CEB. OREADA
2024-09-14,Q. RALLADO EMMENTAL
2024-09-14,PELOTA ALICANTINA
2024-09-14,LONGANIZA MAGRO FRES
2024-09-14,COCIDO
2024-09-14,HUMMUS CLASICO
2024-09-14,SALMÓN AHUMADO
2024-09-14,PIZZA PROSCIUTTO
2024-09-14,ARROZ FALLERA
2024-09-14,ARROZ INTEGRAL
2024-09-14,PAN SEMILLAS
2024-09-14,BROTES TIERNOS
2024-09-14,VENTRESCA ATUN CLARO
2024-09-14,CORAZONES COGOLLO
2024-09-14,SPAGHETTI
2024-09-14,ZANAHORIA BOLSA
2024-09-14,Q SEMI MEZCLA
2024-09-14,GUACAMOLE 200 G
2024-09-14,T.CHERRY PERA NEGRO
2024-09-14,MELON PIEL SAPO
2024-09-14,TOMATE ENSALADA
2024-09-14,PLATANO
2024-09-26,GOLOSINAS MORAS
2024-09-26,GOLOSINAS MIX PICA
2024-09-26,"NEVAL 1,5L"
2024-11-08,COPOS ESPECIAL K
2024-11-08,ROLLO HOGAR DOBLE
2024-11-08,PANETTONE CHOCOLATE
2024-11-08,PECHUGA PAVO 92%
2024-11-08,PECHUGUITA POLLO ASA
2024-11-08,LOMO EMBUCHADO 4PACK
2024-11-08,ANACARDO NATURAL
2024-11-08,QUESO HAVARTI LIGHT
2024-11-08,ALMENDRA NATURAL
2024-11-08,CACAHUETE FRITO
2024-11-08,PAN SEMILLAS
2024-11-08,CHOCOLATE PURO
2024-11-08,RICOTTA
2024-11-08,PACK-4 SALCH.FRANKF
2024-11-08,JAMÓN SERRANO SOBRE
2024-11-08,LAVAVAJ. TODO EN
2024-11-08,LOTE 3 BAYETAS PEQ.
2024-11-08,"NEVAL 6X1,5L"
2024-11-08,LECHE SEMI CALCIO
2024-11-09,COTTONLIKE SÚPER C/A
2024-11-09,ALMEJA PACIFIC
2024-11-09,GUACAMOLE 200 G
2024-11-09,CEREAL RELLENO LECHE
2024-11-09,TEMPURA VERDURAS
2024-11-09,BODY DEPIL 2 HOJAS
2024-11-09,PICATOSTE FRITO
2024-11-09,DEO ROLL-ON ALOE
2024-11-09,DISCOS DESMA OVAL
2024-11-09,ANITINES TOM/OREGANO
2024-11-09,PIMIENTO ROJO
2024-11-11,CEREAL RELLENO LECHE
2024-11-11,FUET ESPETEC EXTRA
2024-11-11,MINI CHORIZO IBERICO
2024-11-11,PATATA 3 KG
2024-09-21,RICOTTA
2024-09-21,CREMA CALABAZA
2024-09-21,PECHUGUITA POLLO ASA
2024-09-21,PECHUGA PAVO 92%
2024-09-21,PIZZA PROSCIUTTO
2024-09-21,Q SEMI MEZCLA
2024-09-21,ZANAHORIA BOLSA
2024-09-21,Q VIEJO TOSTADO
2024-09-21,GUACAMOLE 200 G
2024-09-21,T.CHERRY PERA NEGRO
2024-09-21,CORAZONES COGOLLO
2024-09-21,CARRILLADA
2024-09-21,CARRILLADA
2024-09-21,"NEVAL 6X1,5L"
2024-09-21,PERA ERCOLINA
2024-09-21,PIMIENTO ROJO
2024-09-21,MELON PIEL SAPO
2024-09-21,CALABACIN VERDE
2024-09-21,MELOCOTON AMARILLO
2024-10-07,LECHE SEMI CALCIO
2024-10-07,COLA ZERO ZERO P-12
2024-10-07,POLLO CRISPY
2024-10-07,SALTEADO VERD. ASADA
2024-10-07,RELLENO KEBAB POLLO
2024-10-07,CRACKERS
2024-10-07,ESCALOPIN SALMON
2024-10-07,JAMÓN SERRANO SOBRE
2024-10-07,CHULETA AGUJA
2024-10-07,PECHUGA FAMILIAR
2024-10-07,FILETE DE LUBINA
2024-10-07,FILETE DE LUBINA
2024-10-07,6 HUEVOS COCIDOS
2024-10-07,SALADITOS
2024-10-07,12 HUEVOS CAMPEROS
2024-10-07,SNACK PIPAS
2024-10-07,SALSA COCKTAIL 460ML
2024-10-07,CHOCOLATE PURO
2024-10-07,CORAZONES COGOLLO
2024-10-07,TORTILLAS MEXICANAS
2024-10-07,PECHUGA PAVO 92%
2024-10-07,PECHUGUITA POLLO ASA
2024-10-07,SALMÓN AHUMADO
2024-10-07,ALPRO SKYR FRESA
2024-10-07,Q. RALLADO EMMENTAL
2024-10-07,5 BOCADILLOS
2024-10-07,BROTES TIERNOS
2024-10-07,BÍFIDUS 0% FRUT SILV
2024-10-07,T.CHERRY PERA NEGRO
2024-10-07,LOMO EMBUCHADO 4PACK
2024-10-07,BONITO NORTE A.OLIVA
2024-10-07,NUEZ NATURAL
2024-10-07,ALMENDRA NATURAL
2024-10-07,PISTACHO TOSTADO SAL
2024-10-07,PICATOSTE FRITO
2024-10-07,CREMA VERDURAS
2024-10-07,RICOTTA
2024-10-07,CREMA CALABACÍN
2024-10-07,PIZZA PROSCIUTTO
2024-10-07,PALOMIT. MANTEQUILLA
2024-10-07,ANACARDO NATURAL
2024-10-07,ZANAHORIA BOLSA
2024-10-07,CREMA CALABAZA
2024-10-07,TOM. RECETA ARTESANA
2024-10-07,TOMATE TROCEADO
2024-10-07,LIMPIA MAQUINAS LIQU
2024-10-07,F.LECHE TROPICAL P3
2024-09-24,PECHUGA PAVO 92%
2024-09-24,LECHE SEMI P6
2024-09-24,F.LECHE TROPICAL P3
2024-09-24,6 HUEVOS CAMPEROS
2024-09-24,MINI TAQUITOS JAMON
2024-09-24,PINCHO SIN VARILLA
2024-09-24,PINCHO SIN VARILLA
2024-09-24,CEBOLLA TIERNA
2024-09-24,BROTES TIERNOS MAXI
2024-09-24,QUESO FRESCO PACK
2024-09-24,JAMÓN SERRANO SOBRE
2024-09-24,BURGER VACUNO GRUESA
2024-09-24,SANDÍA PARTIDA B/S
2024-09-24,RICOTTA
2024-09-24,VENTRESCA ATUN CLARO
2024-09-24,CHAMPIÑON BANDEJA P
2024-09-24,PICATOSTE FRITO
2024-09-24,BONITO NORTE A.OLIVA
2024-09-24,CEBOLLA TUBO
2024-09-24,GUACAMOLE 200 G
2024-09-24,FANTA LIMÓN X9
2024-09-24,PIMIENTO ROJO
2024-10-03,LS POLLO REBOZADO
2024-10-03,PRINGLES ONION
2024-10-19,ARIEL LIQUIDO TOT
2024-10-19,GARBANZOS
2024-10-19,RELLENO KEBAB POLLO
2024-10-19,RELLENO FAJITAS
2024-10-19,CARNE DE MEJILLON
2024-10-19,ACTIVADOR R BLANCA
2024-10-19,T.CHERRY PERA NEGRO
2024-10-19,BOLSAS ZIP 5L
2024-10-19,PAPEL ALUMINIO
2024-10-19,FUMET DE PESCADO
2024-10-19,VINO PORTO TAWNY
2024-10-19,PAN SEMILLAS
2024-10-19,12 HUEVOS CAMPEROS
2024-10-19,LECHE SEMI P6
2024-10-19,TOMATE TRITURADO
2024-10-19,CORAZONES COGOLLO
2024-10-19,SNACK PIPAS
2024-10-19,ARROZ INTEGRAL
2024-10-19,ARROZ FALLERA
2024-10-19,QUESO BURGOS ENTERO
2024-10-19,PATATA BRAVA ALLIOLI
2024-10-19,TORTELLONI CARNE
2024-10-19,JAMÓN SERRANO SOBRE
2024-10-19,PECHUGA PAVO 92%
2024-10-19,RICOTTA
2024-10-19,PIZZA PROSCIUTTO
2024-10-19,PECHUGUITA POLLO ASA
2024-10-19,BONITO NORTE A.OLIVA
2024-10-19,CINTAS DE BACON
2024-10-19,CEREAL RELLENO LECHE
2024-10-19,QUESO HAVARTI LIGHT
2024-10-19,BÍFIDUS 0% FRUT SILV
2024-10-19,CALABAZA TROZOS
2024-10-19,PATAS DE PULPO
2024-10-19,SALMÓN AHUMADO
2024-10-19,TORTITAS ARROZ YOGUR
2024-10-19,POLLO CRISPY
2024-10-19,GALLETA CARAMELIZADA
2024-10-19,LOMO EMBUCHADO 4PACK
2024-10-19,GALL DIGESTIVE CHOCO
2024-10-19,CEBOLLA TIERNA
2024-10-19,SOJA ARÁNDANOS ALPRO
2024-10-07,PAPEL HIGIENICO 4 CA
2024-10-07,MELON PIEL SAPO
2024-10-07,AGUACATE
2024-10-07,COL LOMBARDA
2024-10-07,PERA ERCOLINA
2024-11-11,BEBER FRESA-PLATANO
2024-11-13,BURGER CON QUESO
2024-11-13,L.CASEI 0% FRESA
2024-11-16,Q RALLADO EMMENTAL
2024-11-16,SALMÓN AHUMADO
2024-11-16,TORTELLONI CARNE
2024-11-16,CREMA ESPÁRRAGOS
2024-11-16,CREMA DE CALABAZA
2024-11-16,PECHUGUITA POLLO ASA
2024-11-16,PECHUGA PAVO 92%
2024-11-16,CINTAS DE BACON
2024-11-16,CHAMPIÑON PORTOBELLO
2024-11-16,PAN SEMILLAS
2024-11-16,BROTES TIERNOS
2024-11-16,CERVEZA EXTRA
2024-11-16,HAMB VACA MADURADA
2024-11-16,BURGER M VA/CE 1000G
2024-11-16,CRACKERS
2024-11-16,CEBOLLA TIERNA
2024-11-16,15 B.GRANDES C FACIL
2024-11-16,BOLSAS B. CUBO ALTO
2024-11-16,ALPRO NAT SOJA COCO
2024-11-16,ORÉGANO
2024-11-16,LACTOVIT NUTRITIVO
2024-11-16,ZANAHORIA BOLSA
2024-11-16,MAXI HAMBURGUESA
2024-11-16,PERSIMON
2024-11-16,CALABACIN VERDE
2024-11-16,BERENJENA
2024-11-16,TOMATE ENSALADA
2024-11-27,DELICIAS DE POLLO
2024-11-27,RELLENO KEBAB POLLO
2024-11-27,SALTEADO VERD. ASADA
2024-11-27,RELLENO FAJITAS
2024-11-27,TEMPURA VERDURAS
2024-11-27,NARANJA MALLA 3 KG
2024-11-27,TOALL.BEBE FRESC.80
2024-11-27,FILETE DE SALMON
2024-11-27,NATA PARA COCINAR
2024-11-27,SOJA ARÁNDANOS ALPRO
2024-11-27,ALPRO NAT SOJA COCO
2024-11-27,SOLOMILLO MARIN CONG
2024-11-27,CEREAL RELLENO LECHE
2024-11-27,DEO ROLL-ON ALOE
2024-11-27,ARIEL LIQUIDO TOT
2024-11-27,BEBER FRESA-PLATANO
2024-11-27,CORAZONES COGOLLO
2024-11-27,CEBOLLA TIERNA
2024-11-27,PAN SEMILLAS
2024-11-27,BROTES TIERNOS
2024-11-27,6 HUEVOS COCIDOS
2024-11-27,CHAMPIÑON PORTOBELLO
2024-11-27,SALCHICHA FRANKFURT
2024-11-27,S.FRANKFURT BOCATA Q
2024-11-27,PALOMIT. MANTEQUILLA
2024-11-27,ALMENDRA NATURAL
2024-11-27,NUEZ NATURAL
2024-11-27,TOMATE FRITO A.OLIVA
2024-11-27,PISTACHO TOSTADO SAL
2024-11-27,ANACARDO NATURAL
2024-11-27,SALSA COCKTAIL 460ML
2024-10-19,REC.AUT.ROPA LIMPIA
2024-10-19,ESPINACAS
2024-10-19,PATATA MALLA 2 KG
2024-10-19,GUACAMOLE 200 G
2024-10-19,PAPEL HIGIENICO 4 CA
2024-10-19,PIMIENTO ROJO
2024-10-19,MELOCOTON AMARILLO
2024-10-19,PERSIMON
2024-10-19,BANANA
2024-10-19,PIMIENTO VERDE
2024-11-23,T.CHERRY PERA NEGRO
2024-11-23,PIZZA PROSCIUTTO
2024-11-23,DEO ROLL-ON ALOE
2024-11-23,HIERBAS PROVENZALES
2024-11-23,BROTES TIERNOS
2024-11-23,CACAHUETE FRITO
2024-11-23,PLATANO
2024-11-23,TOMATE ENSALADA
2024-11-23,PERSIMON
2024-11-23,PIMIENTO ROJO
2024-11-27,ARROZ FALLERA
2024-11-27,PERSIMON
2024-11-27,PIMIENTO ROJO
2024-11-27,PIMIENTO ROJO
2024-11-27,PERA ERCOLINA
2024-11-29,LS POLLO REBOZADO
2024-11-29,LS SPAGHETTI CARB.
2024-11-29,"AQUADEUS 1,5L"
2024-12-04,PECHUGA PAVO 92%
2024-12-04,PECHUGUITA POLLO ASA
2024-12-04,HELICES VEGETALES
2024-12-04,T. JAMÓN Y QUESO
2024-12-04,CREMA VERDURAS
2024-12-04,VENTRESCA ATUN CLARO
2024-12-04,BONITO NORTE A.OLIVA
2024-12-04,QUESO HAVARTI LIGHT
2024-12-04,Q SEMI MEZCLA
2024-12-04,6 HUEVOS COCIDOS
2024-12-04,TORTILLAS MEXICANAS
2024-12-04,RICOTTA
2024-12-04,12 HUEVOS CAMPEROS
2024-12-04,GUACAMOLE 200 G
2024-12-04,"NEVAL 6X1,5L"
2024-12-04,LECHE SEMI CALCIO
2024-12-07,BURGER M VA/CE 500G
2024-12-07,TERNERA EXTRATIERNA
2024-12-07,PATATA 3 KG
2024-12-07,SALSA DE SOJA SALADA
2024-12-07,LIMÓN NORMAL 2L
2024-12-07,PIMIENTO CONGELADO
2024-12-07,LS SPAGHETTI CARB.
2024-12-07,CEBOLLINO
2024-12-07,6 HUEVOS CAMPEROS
2024-12-07,CROISSANT CACAO
2024-12-07,CEBOLLA TUBO
2024-12-07,AJO SECO 250 G
2024-12-07,PIZZA DEEP PEPPERONI
2024-12-07,PAN CON TOMATE
2024-12-07,MASA EMPANADA ARGENT
2024-12-07,CREMA CALABAZA
2024-12-07,TOMATE CANARIO
2024-12-13,ZANAHORIA BOLSA
2024-12-13,PATATAS GAJO
2024-12-13,GARBANZOS
2024-12-13,SALTEADO VERD. ASADA
2024-12-13,ALISTADO MEDIANO
2024-12-13,CARRILLADA CONGELADA
2024-12-13,FREGONA HILO MIR.
2024-12-13,TORTITAS ARROZ YOGUR
2024-12-13,LIMPIADOR JABONOSO M
2024-12-13,CEREAL RELLENO LECHE
2024-12-13,CHOC S/AZÚCAR 85%
2024-12-13,BROTES TIERNOS
2024-12-13,PAN SEMILLAS
2024-12-13,CHOCOLATE PURO
2024-12-13,BURGER M VA/CE 1000G
2024-12-13,FILETE DE LUBINA
2024-12-13,MERLUZA REBOZADA
2024-12-13,FILETE PLANCHA
2024-12-13,CHULETA AGUJA
2024-12-13,CEBOLLA TUBO
2024-12-13,PECHUGA FAMILIAR
2024-12-13,PATATA 3 KG
2024-12-13,MANDARINA HOJA
2024-12-13,GUACAMOLE 200 G
2024-12-13,TORTELLONI CARNE
2024-12-13,T. JAMÓN Y QUESO
2024-12-13,CREMA VERDURAS
2024-12-13,CREMA CALABACÍN
2024-12-13,CREMA CALABAZA
2024-12-13,CREMA DE CALABAZA
2024-12-13,QUESO BURGOS ENTERO
2024-12-13,RICOTTA
2024-12-13,TOMATE TRITURADO
2024-12-13,ALMENDRA NATURAL
2024-12-13,LASAÑA PRECOCIDA
2024-12-13,TORTILLAS MEXICANAS
2024-12-13,Q VIEJO TOSTADO
2024-12-13,Q SEMI MEZCLA
2024-12-13,TOM.RECETA ARTESANA
2024-12-13,ARROZ INTEGRAL
2024-12-13,T.CHERRY PERA NEGRO
2024-12-13,PECHUGA PAVO 92%
2024-12-13,PECHUGUITA POLLO ASA
2024-12-13,CHORIZO PICANT 4 PAC
2024-12-13,SAZONADOR FAJITA
2024-12-13,LOMO EMBUCHADO 4PACK
2024-12-13,JAMÓN SERRANO SOBRE
2024-12-13,CHILI CON CARNE
2024-12-13,ACEITE DE GIRASOL
2024-12-13,PIMIENTO ROJO
2024-12-13,PIMIENTO VERDE
2024-12-23,F. PLANCHA/GUISAR
2024-12-23,F. PLANCHA/GUISAR
2024-12-23,CRACKERS ESPELTA
2024-12-23,BOLLITOS GLASEADOS
2024-12-23,GALLETA CHOCO NEGRO
2024-12-23,GALLETA CHOCO LECHE
2024-12-23,BARRA DE PAN 3 UDS
2024-12-23,CRACKERS
2024-12-23,COPO INTE 0% AZUCAR
2024-12-23,HARINA DE FUERZA
2024-12-23,LEVADURA PANADERIA
2024-12-23,QUESO GOUDA TIERNO
2024-12-23,CHOCO GOTAS FUNDIR
2024-12-23,PECHUGUITA POLLO ASA
2024-12-23,POLLO RELLENO TRUFA
2024-12-23,PECHUGA PAVO 92%
2024-12-23,LEVADURA FRESCA
2024-12-23,MANTEQUILLA PAST.SIN
2024-12-23,QUESO AZUL PORCIONES
2024-12-23,RICOTTA
2024-12-23,MERMELADA TOMATE
2024-12-17,MAXI HAMBURGUESA
2024-12-17,PAPEL HIGIENICO 4 CA
2024-12-17,CEREAL RELLENO LECHE
2024-12-17,GALLETA CARAMELIZADA
2024-12-17,SOLOMILLO CERDO
2024-12-17,BURGER VACUNO GRUESA
2024-12-17,NATA PARA COCINAR
2024-12-17,MEZCLA 4 QUESOS
2024-12-17,Q RALLADO EMMENTAL
2024-12-17,TORTITAS ARROZ YOGUR
2024-12-17,CEBOLLA TIERNA
2024-12-17,MARIAS DORADAS
2024-12-17,BARRA DE PAN 3 UDS
2024-12-17,CHAMPIÑON PORTOBELLO
2024-12-17,PAN SEMILLAS
2024-12-17,PRE. SENSITIVO SUAVE
2024-12-17,CAÑA LOMO CEBO IB.
2024-12-17,PICATOSTE FRITO
2024-12-17,SUAVIZANTE AZUL
2024-12-17,NARANJA MALLA 3 KG
2024-12-17,RICOTTA
2024-12-23,GUACAMOLE 200 G
2024-12-23,DEO ROLL-ON ALOE
2024-12-23,CEBOLLA TUBO
2024-12-23,ROCHER-16
2024-12-28,ROLLO HOGAR DOBLE
2024-12-28,GAMBA PELADA CRUDA
2024-12-28,POLLO CRISPY
2024-12-28,DELICIAS DE POLLO
2024-12-28,ALMEJA PACIFIC
2024-12-28,ATÚN
2024-12-28,PIZZA DEEP AMERICANA
2024-12-28,PIZZA DEEP PEPPERONI
2024-12-28,TORTILLAS MEXICANAS
2024-12-28,BURGER M VA/CE 1000G
2024-12-28,15 B.GRANDES C FACIL
2024-12-28,CEREAL RELLENO LECHE
2024-12-28,LECHE SEMI CALCIO
2024-12-28,LOTE 3 BAYETAS PEQ.
2024-12-28,PIZZA PROSCIUTTO
2024-12-28,FIDEUA CURVA
2024-12-28,ARROZ FALLERA
2024-12-28,MEZCLA 4 QUESOS
2024-12-28,Q RALLADO EMMENTAL
2024-12-28,MANTEQUILLA PAST.SIN
2024-12-28,TOMATE TRITURADO
2024-12-28,QUESO BURGOS ENTERO
2024-12-28,ARROZ INTEGRAL
2024-12-28,FUMET DE PESCADO
2024-12-28,6 HUEVOS CAMPEROS
2024-12-28,12 HUEVOS CAMPEROS
2024-12-28,BROTES TIERNOS
2024-12-28,MUSLO DESHUESADO
2024-12-28,MUSLO DESHUESADO
2024-12-28,CREMA CALABACÍN
2024-12-28,CREMA DE CALABAZA
2024-12-28,ATUN CLARO OLIVA
2024-12-28,T.CHERRY PERA NEGRO
2024-12-28,MANDARINA HOJA
2024-12-28,ZANAHORIA BOLSA
2024-12-28,ATÚN CLARO OLIVA PK6
2024-12-28,CORAZONES COGOLLO
2024-12-28,SALSA YOGURT
2024-12-28,PLATANO
2026-02-12,ARIEL LIQUIDO TOT
2026-02-12,FILETE SALMÓN
2026-02-12,PAN 51% INTEGRAL 5UN
2026-02-12,MINI SALADAS
2026-02-12,PANECILLO SEMILLAS
2026-02-12,MAGDALENA DE CHOCOL
2026-02-12,COTTONLIKE SÚPER C/A
2026-02-12,JAMÓN S. S/ADITIVOS
2026-02-12,PECHUGA PAVO 92%
2026-02-12,CHAMPIÑON PORTOBELLO
2026-02-12,QUESO BURGOS NATURAL
2026-02-12,CEBOLLA TIERNA
2026-02-12,GALLETA CHOCO NEGRO
2026-02-12,PILA ALCALINA LR03
2026-02-12,PIMIENTO FREIR